CAR X,CAR Y,PED X,PED Y,NORMALIZED PEDESTRIAN POSITION X,NORMALIZED PEDESTRIAN POSITION Y,NORMALIZED PEDESTRIAN DIRECTION,PEDESTRIAN DIRECTION,NORMALIZED CAR DIRECTION,NORMALIZED PEDESTRIAN SPEED,PEDESTRIAN SPEED,NORMALIZED CAR SPEED,CAR SPEED,TTC
0.0,0.0,0.0,0.0,0.0,0.0,90.0,6.283185307179586,90.0,0.0,0.0,2.0,2.0,0.0
0.0,0.0,0.0,0.5,0.5,3.061616997868383E-17,90.0,6.283185307179586,90.0,0.0,0.0,2.0,2.0,0.0
0.0,0.0,0.0,1.0,1.0,6.123233995736766E-17,90.0,6.283185307179586,90.0,0.0,0.0,2.0,2.0,0.0
0.0,0.0,0.0,1.5,1.5,9.184850993605148E-17,90.0,6.283185307179586,90.0,0.0,0.0,2.0,2.0,0.0
0.0,0.0,0.0,2.0,2.0,1.2246467991473532E-16,90.0,6.283185307179586,90.0,0.0,0.0,2.0,2.0,0.0
0.0,0.0,0.0,2.5,2.5,1.5308084989341916E-16,90.0,6.283185307179586,90.0,0.0,0.0,2.0,2.0,0.0
0.0,0.0,0.0,3.0,3.0,1.8369701987210297E-16,90.0,6.283185307179586,90.0,0.0,0.0,2.0,2.0,0.25
0.0,0.0,0.0,3.5,3.5,2.143131898507868E-16,90.0,6.283185307179586,90.0,0.0,0.0,2.0,2.0,0.5
0.0,0.0,0.0,4.0,4.0,2.4492935982947064E-16,90.0,6.283185307179586,90.0,0.0,0.0,2.0,2.0,0.75
0.0,0.0,0.0,4.5,4.5,2.755455298081545E-16,90.0,6.283185307179586,90.0,0.0,0.0,2.0,2.0,1.0
0.0,0.0,0.0,5.0,5.0,3.061616997868383E-16,90.0,6.283185307179586,90.0,0.0,0.0,2.0,2.0,1.25
0.0,0.0,0.5,0.0,3.061616997868383E-17,-0.5,90.0,6.283185307179586,90.0,0.0,0.0,2.0,2.0,0.0
0.0,0.0,0.5,0.5,0.5,-0.49999999999999994,90.0,6.283185307179586,90.0,0.0,0.0,2.0,2.0,0.0
0.0,0.0,0.5,1.0,1.0,-0.49999999999999994,90.0,6.283185307179586,90.0,0.0,0.0,2.0,2.0,0.0
0.0,0.0,0.5,1.5,1.5,-0.4999999999999999,90.0,6.283185307179586,90.0,0.0,0.0,2.0,2.0,0.0
0.0,0.0,0.5,2.0,2.0,-0.4999999999999999,90.0,6.283185307179586,90.0,0.0,0.0,2.0,2.0,0.0
0.0,0.0,0.5,2.5,2.5,-0.49999999999999983,90.0,6.283185307179586,90.0,0.0,0.0,2.0,2.0,0.0
0.0,0.0,0.5,3.0,3.0,-0.49999999999999983,90.0,6.283185307179586,90.0,0.0,0.0,2.0,2.0,0.25
0.0,0.0,0.5,3.5,3.5,-0.4999999999999998,90.0,6.283185307179586,90.0,0.0,0.0,2.0,2.0,0.5
0.0,0.0,0.5,4.0,4.0,-0.4999999999999998,90.0,6.283185307179586,90.0,0.0,0.0,2.0,2.0,0.75
0.0,0.0,0.5,4.5,4.5,-0.4999999999999997,90.0,6.283185307179586,90.0,0.0,0.0,2.0,2.0,1.0
0.0,0.0,0.5,5.0,5.0,-0.49999999999999967,90.0,6.283185307179586,90.0,0.0,0.0,2.0,2.0,1.25
0.0,0.0,1.0,0.0,6.123233995736766E-17,-1.0,90.0,6.283185307179586,90.0,0.0,0.0,2.0,2.0,0.0
0.0,0.0,1.0,0.5,0.5000000000000001,-1.0,90.0,6.283185307179586,90.0,0.0,0.0,2.0,2.0,0.0
0.0,0.0,1.0,1.0,1.0,-0.9999999999999999,90.0,6.283185307179586,90.0,0.0,0.0,2.0,2.0,0.0
0.0,0.0,1.0,1.5,1.5,-0.9999999999999999,90.0,6.283185307179586,90.0,0.0,0.0,2.0,2.0,0.0
0.0,0.0,1.0,2.0,2.0,-0.9999999999999999,90.0,6.283185307179586,90.0,0.0,0.0,2.0,2.0,0.0
0.0,0.0,1.0,2.5,2.5,-0.9999999999999999,90.0,6.283185307179586,90.0,0.0,0.0,2.0,2.0,0.0
0.0,0.0,1.0,3.0,3.0,-0.9999999999999998,90.0,6.283185307179586,90.0,0.0,0.0,2.0,2.0,0.25
0.0,0.0,1.0,3.5,3.5,-0.9999999999999998,90.0,6.283185307179586,90.0,0.0,0.0,2.0,2.0,0.5
0.0,0.0,1.0,4.0,4.0,-0.9999999999999998,90.0,6.283185307179586,90.0,0.0,0.0,2.0,2.0,0.75
0.0,0.0,1.0,4.5,4.5,-0.9999999999999998,90.0,6.283185307179586,90.0,0.0,0.0,2.0,2.0,1.0
0.0,0.0,1.0,5.0,5.0,-0.9999999999999997,90.0,6.283185307179586,90.0,0.0,0.0,2.0,2.0,1.25
0.0,0.0,1.5,0.0,9.184850993605148E-17,-1.5,90.0,6.283185307179586,90.0,0.0,0.0,2.0,2.0,1.0
0.0,0.0,1.5,0.5,0.5000000000000001,-1.5,90.0,6.283185307179586,90.0,0.0,0.0,2.0,2.0,1.25
0.0,0.0,1.5,1.0,1.0,-1.5,90.0,6.283185307179586,90.0,0.0,0.0,2.0,2.0,1.5
0.0,0.0,1.5,1.5,1.5,-1.5,90.0,6.283185307179586,90.0,0.0,0.0,2.0,2.0,1.75
0.0,0.0,1.5,2.0,2.0,-1.4999999999999998,90.0,6.283185307179586,90.0,0.0,0.0,2.0,2.0,0.0
0.0,0.0,1.5,2.5,2.5,-1.4999999999999998,90.0,6.283185307179586,90.0,0.0,0.0,2.0,2.0,0.24999999627470967
0.0,0.0,1.5,3.0,3.0,-1.4999999999999998,90.0,6.283185307179586,90.0,0.0,0.0,2.0,2.0,0.5
0.0,0.0,1.5,3.5,3.5,-1.4999999999999998,90.0,6.283185307179586,90.0,0.0,0.0,2.0,2.0,0.75
0.0,0.0,1.5,4.0,4.0,-1.4999999999999998,90.0,6.283185307179586,90.0,0.0,0.0,2.0,2.0,1.0
0.0,0.0,1.5,4.5,4.5,-1.4999999999999998,90.0,6.283185307179586,90.0,0.0,0.0,2.0,2.0,1.25
0.0,0.0,1.5,5.0,5.0,-1.4999999999999998,90.0,6.283185307179586,90.0,0.0,0.0,2.0,2.0,1.5
0.0,0.0,2.0,0.0,1.2246467991473532E-16,-2.0,90.0,6.283185307179586,90.0,0.0,0.0,2.0,2.0,Infinity
0.0,0.0,2.0,0.5,0.5000000000000001,-2.0,90.0,6.283185307179586,90.0,0.0,0.0,2.0,2.0,Infinity
0.0,0.0,2.0,1.0,1.0000000000000002,-2.0,90.0,6.283185307179586,90.0,0.0,0.0,2.0,2.0,Infinity
0.0,0.0,2.0,1.5,1.5000000000000002,-2.0,90.0,6.283185307179586,90.0,0.0,0.0,2.0,2.0,Infinity
0.0,0.0,2.0,2.0,2.0,-1.9999999999999998,90.0,6.283185307179586,90.0,0.0,0.0,2.0,2.0,Infinity
0.0,0.0,2.0,2.5,2.5,-1.9999999999999998,90.0,6.283185307179586,90.0,0.0,0.0,2.0,2.0,Infinity
0.0,0.0,2.0,3.0,3.0,-1.9999999999999998,90.0,6.283185307179586,90.0,0.0,0.0,2.0,2.0,Infinity
0.0,0.0,2.0,3.5,3.5,-1.9999999999999998,90.0,6.283185307179586,90.0,0.0,0.0,2.0,2.0,Infinity
0.0,0.0,2.0,4.0,4.0,-1.9999999999999998,90.0,6.283185307179586,90.0,0.0,0.0,2.0,2.0,Infinity
0.0,0.0,2.0,4.5,4.5,-1.9999999999999998,90.0,6.283185307179586,90.0,0.0,0.0,2.0,2.0,Infinity
0.0,0.0,2.0,5.0,5.0,-1.9999999999999998,90.0,6.283185307179586,90.0,0.0,0.0,2.0,2.0,Infinity
0.0,0.0,2.5,0.0,1.5308084989341916E-16,-2.5,90.0,6.283185307179586,90.0,0.0,0.0,2.0,2.0,Infinity
0.0,0.0,2.5,0.5,0.5000000000000001,-2.5,90.0,6.283185307179586,90.0,0.0,0.0,2.0,2.0,Infinity
0.0,0.0,2.5,1.0,1.0000000000000002,-2.5,90.0,6.283185307179586,90.0,0.0,0.0,2.0,2.0,Infinity
0.0,0.0,2.5,1.5,1.5000000000000002,-2.5,90.0,6.283185307179586,90.0,0.0,0.0,2.0,2.0,Infinity
0.0,0.0,2.5,2.0,2.0,-2.5,90.0,6.283185307179586,90.0,0.0,0.0,2.0,2.0,Infinity
0.0,0.0,2.5,2.5,2.5,-2.5,90.0,6.283185307179586,90.0,0.0,0.0,2.0,2.0,Infinity
0.0,0.0,2.5,3.0,3.0,-2.5,90.0,6.283185307179586,90.0,0.0,0.0,2.0,2.0,Infinity
0.0,0.0,2.5,3.5,3.5,-2.5,90.0,6.283185307179586,90.0,0.0,0.0,2.0,2.0,Infinity
0.0,0.0,2.5,4.0,4.0,-2.4999999999999996,90.0,6.283185307179586,90.0,0.0,0.0,2.0,2.0,Infinity
0.0,0.0,2.5,4.5,4.5,-2.4999999999999996,90.0,6.283185307179586,90.0,0.0,0.0,2.0,2.0,Infinity
0.0,0.0,2.5,5.0,5.0,-2.4999999999999996,90.0,6.283185307179586,90.0,0.0,0.0,2.0,2.0,Infinity
0.0,0.0,3.0,0.0,1.8369701987210297E-16,-3.0,90.0,6.283185307179586,90.0,0.0,0.0,2.0,2.0,Infinity
0.0,0.0,3.0,0.5,0.5000000000000002,-3.0,90.0,6.283185307179586,90.0,0.0,0.0,2.0,2.0,Infinity
0.0,0.0,3.0,1.0,1.0000000000000002,-3.0,90.0,6.283185307179586,90.0,0.0,0.0,2.0,2.0,Infinity
0.0,0.0,3.0,1.5,1.5000000000000002,-3.0,90.0,6.283185307179586,90.0,0.0,0.0,2.0,2.0,Infinity
0.0,0.0,3.0,2.0,2.0,-3.0,90.0,6.283185307179586,90.0,0.0,0.0,2.0,2.0,Infinity
0.0,0.0,3.0,2.5,2.5,-3.0,90.0,6.283185307179586,90.0,0.0,0.0,2.0,2.0,Infinity
0.0,0.0,3.0,3.0,3.0,-3.0,90.0,6.283185307179586,90.0,0.0,0.0,2.0,2.0,Infinity
0.0,0.0,3.0,3.5,3.5,-3.0,90.0,6.283185307179586,90.0,0.0,0.0,2.0,2.0,Infinity
0.0,0.0,3.0,4.0,4.0,-2.9999999999999996,90.0,6.283185307179586,90.0,0.0,0.0,2.0,2.0,Infinity
0.0,0.0,3.0,4.5,4.5,-2.9999999999999996,90.0,6.283185307179586,90.0,0.0,0.0,2.0,2.0,Infinity
0.0,0.0,3.0,5.0,5.0,-2.9999999999999996,90.0,6.283185307179586,90.0,0.0,0.0,2.0,2.0,Infinity
0.0,0.0,3.5,0.0,2.143131898507868E-16,-3.5,90.0,6.283185307179586,90.0,0.0,0.0,2.0,2.0,Infinity
0.0,0.0,3.5,0.5,0.5000000000000002,-3.5,90.0,6.283185307179586,90.0,0.0,0.0,2.0,2.0,Infinity
0.0,0.0,3.5,1.0,1.0000000000000002,-3.5,90.0,6.283185307179586,90.0,0.0,0.0,2.0,2.0,Infinity
0.0,0.0,3.5,1.5,1.5000000000000002,-3.5,90.0,6.283185307179586,90.0,0.0,0.0,2.0,2.0,Infinity
0.0,0.0,3.5,2.0,2.0,-3.5,90.0,6.283185307179586,90.0,0.0,0.0,2.0,2.0,Infinity
0.0,0.0,3.5,2.5,2.5,-3.5,90.0,6.283185307179586,90.0,0.0,0.0,2.0,2.0,Infinity
0.0,0.0,3.5,3.0,3.0,-3.5,90.0,6.283185307179586,90.0,0.0,0.0,2.0,2.0,Infinity
0.0,0.0,3.5,3.5,3.5,-3.5,90.0,6.283185307179586,90.0,0.0,0.0,2.0,2.0,Infinity
0.0,0.0,3.5,4.0,4.0,-3.4999999999999996,90.0,6.283185307179586,90.0,0.0,0.0,2.0,2.0,Infinity
0.0,0.0,3.5,4.5,4.5,-3.4999999999999996,90.0,6.283185307179586,90.0,0.0,0.0,2.0,2.0,Infinity
0.0,0.0,3.5,5.0,5.0,-3.4999999999999996,90.0,6.283185307179586,90.0,0.0,0.0,2.0,2.0,Infinity
0.0,0.0,4.0,0.0,2.4492935982947064E-16,-4.0,90.0,6.283185307179586,90.0,0.0,0.0,2.0,2.0,Infinity
0.0,0.0,4.0,0.5,0.5000000000000002,-4.0,90.0,6.283185307179586,90.0,0.0,0.0,2.0,2.0,Infinity
0.0,0.0,4.0,1.0,1.0000000000000002,-4.0,90.0,6.283185307179586,90.0,0.0,0.0,2.0,2.0,Infinity
0.0,0.0,4.0,1.5,1.5000000000000002,-4.0,90.0,6.283185307179586,90.0,0.0,0.0,2.0,2.0,Infinity
0.0,0.0,4.0,2.0,2.0000000000000004,-4.0,90.0,6.283185307179586,90.0,0.0,0.0,2.0,2.0,Infinity
0.0,0.0,4.0,2.5,2.5000000000000004,-4.0,90.0,6.283185307179586,90.0,0.0,0.0,2.0,2.0,Infinity
0.0,0.0,4.0,3.0,3.0000000000000004,-4.0,90.0,6.283185307179586,90.0,0.0,0.0,2.0,2.0,Infinity
0.0,0.0,4.0,3.5,3.5000000000000004,-4.0,90.0,6.283185307179586,90.0,0.0,0.0,2.0,2.0,Infinity
0.0,0.0,4.0,4.0,4.0,-3.9999999999999996,90.0,6.283185307179586,90.0,0.0,0.0,2.0,2.0,Infinity
0.0,0.0,4.0,4.5,4.5,-3.9999999999999996,90.0,6.283185307179586,90.0,0.0,0.0,2.0,2.0,Infinity
0.0,0.0,4.0,5.0,5.0,-3.9999999999999996,90.0,6.283185307179586,90.0,0.0,0.0,2.0,2.0,Infinity
0.0,0.0,4.5,0.0,2.755455298081545E-16,-4.5,90.0,6.283185307179586,90.0,0.0,0.0,2.0,2.0,Infinity
0.0,0.0,4.5,0.5,0.5000000000000002,-4.5,90.0,6.283185307179586,90.0,0.0,0.0,2.0,2.0,Infinity
0.0,0.0,4.5,1.0,1.0000000000000002,-4.5,90.0,6.283185307179586,90.0,0.0,0.0,2.0,2.0,Infinity
0.0,0.0,4.5,1.5,1.5000000000000002,-4.5,90.0,6.283185307179586,90.0,0.0,0.0,2.0,2.0,Infinity
0.0,0.0,4.5,2.0,2.0000000000000004,-4.5,90.0,6.283185307179586,90.0,0.0,0.0,2.0,2.0,Infinity
0.0,0.0,4.5,2.5,2.5000000000000004,-4.5,90.0,6.283185307179586,90.0,0.0,0.0,2.0,2.0,Infinity
0.0,0.0,4.5,3.0,3.0000000000000004,-4.5,90.0,6.283185307179586,90.0,0.0,0.0,2.0,2.0,Infinity
0.0,0.0,4.5,3.5,3.5000000000000004,-4.5,90.0,6.283185307179586,90.0,0.0,0.0,2.0,2.0,Infinity
0.0,0.0,4.5,4.0,4.0,-4.5,90.0,6.283185307179586,90.0,0.0,0.0,2.0,2.0,Infinity
0.0,0.0,4.5,4.5,4.5,-4.5,90.0,6.283185307179586,90.0,0.0,0.0,2.0,2.0,Infinity
0.0,0.0,4.5,5.0,5.0,-4.5,90.0,6.283185307179586,90.0,0.0,0.0,2.0,2.0,Infinity
0.0,0.0,5.0,0.0,3.061616997868383E-16,-5.0,90.0,6.283185307179586,90.0,0.0,0.0,2.0,2.0,Infinity
0.0,0.0,5.0,0.5,0.5000000000000003,-5.0,90.0,6.283185307179586,90.0,0.0,0.0,2.0,2.0,Infinity
0.0,0.0,5.0,1.0,1.0000000000000002,-5.0,90.0,6.283185307179586,90.0,0.0,0.0,2.0,2.0,Infinity
0.0,0.0,5.0,1.5,1.5000000000000002,-5.0,90.0,6.283185307179586,90.0,0.0,0.0,2.0,2.0,Infinity
0.0,0.0,5.0,2.0,2.0000000000000004,-5.0,90.0,6.283185307179586,90.0,0.0,0.0,2.0,2.0,Infinity
0.0,0.0,5.0,2.5,2.5000000000000004,-5.0,90.0,6.283185307179586,90.0,0.0,0.0,2.0,2.0,Infinity
0.0,0.0,5.0,3.0,3.0000000000000004,-5.0,90.0,6.283185307179586,90.0,0.0,0.0,2.0,2.0,Infinity
0.0,0.0,5.0,3.5,3.5000000000000004,-5.0,90.0,6.283185307179586,90.0,0.0,0.0,2.0,2.0,Infinity
0.0,0.0,5.0,4.0,4.0,-5.0,90.0,6.283185307179586,90.0,0.0,0.0,2.0,2.0,Infinity
0.0,0.0,5.0,4.5,4.5,-5.0,90.0,6.283185307179586,90.0,0.0,0.0,2.0,2.0,Infinity
0.0,0.0,5.0,5.0,5.0,-5.0,90.0,6.283185307179586,90.0,0.0,0.0,2.0,2.0,Infinity
0.0,0.0,0.0,0.0,0.0,0.0,90.5235987755983,6.283185307179586,90.0,0.0,0.0,2.0,2.0,0.0
0.0,0.0,0.0,0.5,0.5,3.061616997868383E-17,90.5235987755983,6.283185307179586,90.0,0.0,0.0,2.0,2.0,0.0
0.0,0.0,0.0,1.0,1.0,6.123233995736766E-17,90.5235987755983,6.283185307179586,90.0,0.0,0.0,2.0,2.0,0.0
0.0,0.0,0.0,1.5,1.5,9.184850993605148E-17,90.5235987755983,6.283185307179586,90.0,0.0,0.0,2.0,2.0,0.0
0.0,0.0,0.0,2.0,2.0,1.2246467991473532E-16,90.5235987755983,6.283185307179586,90.0,0.0,0.0,2.0,2.0,0.0
0.0,0.0,0.0,2.5,2.5,1.5308084989341916E-16,90.5235987755983,6.283185307179586,90.0,0.0,0.0,2.0,2.0,0.0
0.0,0.0,0.0,3.0,3.0,1.8369701987210297E-16,90.5235987755983,6.283185307179586,90.0,0.0,0.0,2.0,2.0,0.25
0.0,0.0,0.0,3.5,3.5,2.143131898507868E-16,90.5235987755983,6.283185307179586,90.0,0.0,0.0,2.0,2.0,0.5
0.0,0.0,0.0,4.0,4.0,2.4492935982947064E-16,90.5235987755983,6.283185307179586,90.0,0.0,0.0,2.0,2.0,0.75
0.0,0.0,0.0,4.5,4.5,2.755455298081545E-16,90.5235987755983,6.283185307179586,90.0,0.0,0.0,2.0,2.0,1.0
0.0,0.0,0.0,5.0,5.0,3.061616997868383E-16,90.5235987755983,6.283185307179586,90.0,0.0,0.0,2.0,2.0,1.25
0.0,0.0,0.5,0.0,3.061616997868383E-17,-0.5,90.5235987755983,6.283185307179586,90.0,0.0,0.0,2.0,2.0,0.0
0.0,0.0,0.5,0.5,0.5,-0.49999999999999994,90.5235987755983,6.283185307179586,90.0,0.0,0.0,2.0,2.0,0.0
0.0,0.0,0.5,1.0,1.0,-0.49999999999999994,90.5235987755983,6.283185307179586,90.0,0.0,0.0,2.0,2.0,0.0
0.0,0.0,0.5,1.5,1.5,-0.4999999999999999,90.5235987755983,6.283185307179586,90.0,0.0,0.0,2.0,2.0,0.0
0.0,0.0,0.5,2.0,2.0,-0.4999999999999999,90.5235987755983,6.283185307179586,90.0,0.0,0.0,2.0,2.0,0.0
0.0,0.0,0.5,2.5,2.5,-0.49999999999999983,90.5235987755983,6.283185307179586,90.0,0.0,0.0,2.0,2.0,0.0
0.0,0.0,0.5,3.0,3.0,-0.49999999999999983,90.5235987755983,6.283185307179586,90.0,0.0,0.0,2.0,2.0,0.25
0.0,0.0,0.5,3.5,3.5,-0.4999999999999998,90.5235987755983,6.283185307179586,90.0,0.0,0.0,2.0,2.0,0.5
0.0,0.0,0.5,4.0,4.0,-0.4999999999999998,90.5235987755983,6.283185307179586,90.0,0.0,0.0,2.0,2.0,0.75
0.0,0.0,0.5,4.5,4.5,-0.4999999999999997,90.5235987755983,6.283185307179586,90.0,0.0,0.0,2.0,2.0,1.0
0.0,0.0,0.5,5.0,5.0,-0.49999999999999967,90.5235987755983,6.283185307179586,90.0,0.0,0.0,2.0,2.0,1.25
0.0,0.0,1.0,0.0,6.123233995736766E-17,-1.0,90.5235987755983,6.283185307179586,90.0,0.0,0.0,2.0,2.0,0.0
0.0,0.0,1.0,0.5,0.5000000000000001,-1.0,90.5235987755983,6.283185307179586,90.0,0.0,0.0,2.0,2.0,0.0
0.0,0.0,1.0,1.0,1.0,-0.9999999999999999,90.5235987755983,6.283185307179586,90.0,0.0,0.0,2.0,2.0,0.0
0.0,0.0,1.0,1.5,1.5,-0.9999999999999999,90.5235987755983,6.283185307179586,90.0,0.0,0.0,2.0,2.0,0.0
0.0,0.0,1.0,2.0,2.0,-0.9999999999999999,90.5235987755983,6.283185307179586,90.0,0.0,0.0,2.0,2.0,0.0
0.0,0.0,1.0,2.5,2.5,-0.9999999999999999,90.5235987755983,6.283185307179586,90.0,0.0,0.0,2.0,2.0,0.0
0.0,0.0,1.0,3.0,3.0,-0.9999999999999998,90.5235987755983,6.283185307179586,90.0,0.0,0.0,2.0,2.0,0.25
0.0,0.0,1.0,3.5,3.5,-0.9999999999999998,90.5235987755983,6.283185307179586,90.0,0.0,0.0,2.0,2.0,0.5
0.0,0.0,1.0,4.0,4.0,-0.9999999999999998,90.5235987755983,6.283185307179586,90.0,0.0,0.0,2.0,2.0,0.75
0.0,0.0,1.0,4.5,4.5,-0.9999999999999998,90.5235987755983,6.283185307179586,90.0,0.0,0.0,2.0,2.0,1.0
0.0,0.0,1.0,5.0,5.0,-0.9999999999999997,90.5235987755983,6.283185307179586,90.0,0.0,0.0,2.0,2.0,1.25
0.0,0.0,1.5,0.0,9.184850993605148E-17,-1.5,90.5235987755983,6.283185307179586,90.0,0.0,0.0,2.0,2.0,0.999999985098839
0.0,0.0,1.5,0.5,0.5000000000000001,-1.5,90.5235987755983,6.283185307179586,90.0,0.0,0.0,2.0,2.0,1.25
0.0,0.0,1.5,1.0,1.0,-1.5,90.5235987755983,6.283185307179586,90.0,0.0,0.0,2.0,2.0,1.5
0.0,0.0,1.5,1.5,1.5,-1.5,90.5235987755983,6.283185307179586,90.0,0.0,0.0,2.0,2.0,Infinity
0.0,0.0,1.5,2.0,2.0,-1.4999999999999998,90.5235987755983,6.283185307179586,90.0,0.0,0.0,2.0,2.0,0.0
0.0,0.0,1.5,2.5,2.5,-1.4999999999999998,90.5235987755983,6.283185307179586,90.0,0.0,0.0,2.0,2.0,0.24999999473164394
0.0,0.0,1.5,3.0,3.0,-1.4999999999999998,90.5235987755983,6.283185307179586,90.0,0.0,0.0,2.0,2.0,0.5
0.0,0.0,1.5,3.5,3.5,-1.4999999999999998,90.5235987755983,6.283185307179586,90.0,0.0,0.0,2.0,2.0,0.75
0.0,0.0,1.5,4.0,4.0,-1.4999999999999998,90.5235987755983,6.283185307179586,90.0,0.0,0.0,2.0,2.0,0.999999985098839
0.0,0.0,1.5,4.5,4.5,-1.4999999999999998,90.5235987755983,6.283185307179586,90.0,0.0,0.0,2.0,2.0,1.25
0.0,0.0,1.5,5.0,5.0,-1.4999999999999998,90.5235987755983,6.283185307179586,90.0,0.0,0.0,2.0,2.0,1.5
0.0,0.0,2.0,0.0,1.2246467991473532E-16,-2.0,90.5235987755983,6.283185307179586,90.0,0.0,0.0,2.0,2.0,Infinity
0.0,0.0,2.0,0.5,0.5000000000000001,-2.0,90.5235987755983,6.283185307179586,90.0,0.0,0.0,2.0,2.0,Infinity
0.0,0.0,2.0,1.0,1.0000000000000002,-2.0,90.5235987755983,6.283185307179586,90.0,0.0,0.0,2.0,2.0,Infinity
0.0,0.0,2.0,1.5,1.5000000000000002,-2.0,90.5235987755983,6.283185307179586,90.0,0.0,0.0,2.0,2.0,Infinity
0.0,0.0,2.0,2.0,2.0,-1.9999999999999998,90.5235987755983,6.283185307179586,90.0,0.0,0.0,2.0,2.0,Infinity
0.0,0.0,2.0,2.5,2.5,-1.9999999999999998,90.5235987755983,6.283185307179586,90.0,0.0,0.0,2.0,2.0,Infinity
0.0,0.0,2.0,3.0,3.0,-1.9999999999999998,90.5235987755983,6.283185307179586,90.0,0.0,0.0,2.0,2.0,Infinity
0.0,0.0,2.0,3.5,3.5,-1.9999999999999998,90.5235987755983,6.283185307179586,90.0,0.0,0.0,2.0,2.0,Infinity
0.0,0.0,2.0,4.0,4.0,-1.9999999999999998,90.5235987755983,6.283185307179586,90.0,0.0,0.0,2.0,2.0,Infinity
0.0,0.0,2.0,4.5,4.5,-1.9999999999999998,90.5235987755983,6.283185307179586,90.0,0.0,0.0,2.0,2.0,Infinity
0.0,0.0,2.0,5.0,5.0,-1.9999999999999998,90.5235987755983,6.283185307179586,90.0,0.0,0.0,2.0,2.0,Infinity
0.0,0.0,2.5,0.0,1.5308084989341916E-16,-2.5,90.5235987755983,6.283185307179586,90.0,0.0,0.0,2.0,2.0,Infinity
0.0,0.0,2.5,0.5,0.5000000000000001,-2.5,90.5235987755983,6.283185307179586,90.0,0.0,0.0,2.0,2.0,Infinity
0.0,0.0,2.5,1.0,1.0000000000000002,-2.5,90.5235987755983,6.283185307179586,90.0,0.0,0.0,2.0,2.0,Infinity
0.0,0.0,2.5,1.5,1.5000000000000002,-2.5,90.5235987755983,6.283185307179586,90.0,0.0,0.0,2.0,2.0,Infinity
0.0,0.0,2.5,2.0,2.0,-2.5,90.5235987755983,6.283185307179586,90.0,0.0,0.0,2.0,2.0,Infinity
0.0,0.0,2.5,2.5,2.5,-2.5,90.5235987755983,6.283185307179586,90.0,0.0,0.0,2.0,2.0,Infinity
0.0,0.0,2.5,3.0,3.0,-2.5,90.5235987755983,6.283185307179586,90.0,0.0,0.0,2.0,2.0,Infinity
0.0,0.0,2.5,3.5,3.5,-2.5,90.5235987755983,6.283185307179586,90.0,0.0,0.0,2.0,2.0,Infinity
0.0,0.0,2.5,4.0,4.0,-2.4999999999999996,90.5235987755983,6.283185307179586,90.0,0.0,0.0,2.0,2.0,Infinity
0.0,0.0,2.5,4.5,4.5,-2.4999999999999996,90.5235987755983,6.283185307179586,90.0,0.0,0.0,2.0,2.0,Infinity
0.0,0.0,2.5,5.0,5.0,-2.4999999999999996,90.5235987755983,6.283185307179586,90.0,0.0,0.0,2.0,2.0,Infinity
0.0,0.0,3.0,0.0,1.8369701987210297E-16,-3.0,90.5235987755983,6.283185307179586,90.0,0.0,0.0,2.0,2.0,Infinity
0.0,0.0,3.0,0.5,0.5000000000000002,-3.0,90.5235987755983,6.283185307179586,90.0,0.0,0.0,2.0,2.0,Infinity
0.0,0.0,3.0,1.0,1.0000000000000002,-3.0,90.5235987755983,6.283185307179586,90.0,0.0,0.0,2.0,2.0,Infinity
0.0,0.0,3.0,1.5,1.5000000000000002,-3.0,90.5235987755983,6.283185307179586,90.0,0.0,0.0,2.0,2.0,Infinity
0.0,0.0,3.0,2.0,2.0,-3.0,90.5235987755983,6.283185307179586,90.0,0.0,0.0,2.0,2.0,Infinity
0.0,0.0,3.0,2.5,2.5,-3.0,90.5235987755983,6.283185307179586,90.0,0.0,0.0,2.0,2.0,Infinity
0.0,0.0,3.0,3.0,3.0,-3.0,90.5235987755983,6.283185307179586,90.0,0.0,0.0,2.0,2.0,Infinity
0.0,0.0,3.0,3.5,3.5,-3.0,90.5235987755983,6.283185307179586,90.0,0.0,0.0,2.0,2.0,Infinity
0.0,0.0,3.0,4.0,4.0,-2.9999999999999996,90.5235987755983,6.283185307179586,90.0,0.0,0.0,2.0,2.0,Infinity
0.0,0.0,3.0,4.5,4.5,-2.9999999999999996,90.5235987755983,6.283185307179586,90.0,0.0,0.0,2.0,2.0,Infinity
0.0,0.0,3.0,5.0,5.0,-2.9999999999999996,90.5235987755983,6.283185307179586,90.0,0.0,0.0,2.0,2.0,Infinity
0.0,0.0,3.5,0.0,2.143131898507868E-16,-3.5,90.5235987755983,6.283185307179586,90.0,0.0,0.0,2.0,2.0,Infinity
0.0,0.0,3.5,0.5,0.5000000000000002,-3.5,90.5235987755983,6.283185307179586,90.0,0.0,0.0,2.0,2.0,Infinity
0.0,0.0,3.5,1.0,1.0000000000000002,-3.5,90.5235987755983,6.283185307179586,90.0,0.0,0.0,2.0,2.0,Infinity
0.0,0.0,3.5,1.5,1.5000000000000002,-3.5,90.5235987755983,6.283185307179586,90.0,0.0,0.0,2.0,2.0,Infinity
0.0,0.0,3.5,2.0,2.0,-3.5,90.5235987755983,6.283185307179586,90.0,0.0,0.0,2.0,2.0,Infinity
0.0,0.0,3.5,2.5,2.5,-3.5,90.5235987755983,6.283185307179586,90.0,0.0,0.0,2.0,2.0,Infinity
0.0,0.0,3.5,3.0,3.0,-3.5,90.5235987755983,6.283185307179586,90.0,0.0,0.0,2.0,2.0,Infinity
0.0,0.0,3.5,3.5,3.5,-3.5,90.5235987755983,6.283185307179586,90.0,0.0,0.0,2.0,2.0,Infinity
0.0,0.0,3.5,4.0,4.0,-3.4999999999999996,90.5235987755983,6.283185307179586,90.0,0.0,0.0,2.0,2.0,Infinity
0.0,0.0,3.5,4.5,4.5,-3.4999999999999996,90.5235987755983,6.283185307179586,90.0,0.0,0.0,2.0,2.0,Infinity
0.0,0.0,3.5,5.0,5.0,-3.4999999999999996,90.5235987755983,6.283185307179586,90.0,0.0,0.0,2.0,2.0,Infinity
0.0,0.0,4.0,0.0,2.4492935982947064E-16,-4.0,90.5235987755983,6.283185307179586,90.0,0.0,0.0,2.0,2.0,Infinity
0.0,0.0,4.0,0.5,0.5000000000000002,-4.0,90.5235987755983,6.283185307179586,90.0,0.0,0.0,2.0,2.0,Infinity
0.0,0.0,4.0,1.0,1.0000000000000002,-4.0,90.5235987755983,6.283185307179586,90.0,0.0,0.0,2.0,2.0,Infinity
0.0,0.0,4.0,1.5,1.5000000000000002,-4.0,90.5235987755983,6.283185307179586,90.0,0.0,0.0,2.0,2.0,Infinity
0.0,0.0,4.0,2.0,2.0000000000000004,-4.0,90.5235987755983,6.283185307179586,90.0,0.0,0.0,2.0,2.0,Infinity
0.0,0.0,4.0,2.5,2.5000000000000004,-4.0,90.5235987755983,6.283185307179586,90.0,0.0,0.0,2.0,2.0,Infinity
0.0,0.0,4.0,3.0,3.0000000000000004,-4.0,90.5235987755983,6.283185307179586,90.0,0.0,0.0,2.0,2.0,Infinity
0.0,0.0,4.0,3.5,3.5000000000000004,-4.0,90.5235987755983,6.283185307179586,90.0,0.0,0.0,2.0,2.0,Infinity
0.0,0.0,4.0,4.0,4.0,-3.9999999999999996,90.5235987755983,6.283185307179586,90.0,0.0,0.0,2.0,2.0,Infinity
0.0,0.0,4.0,4.5,4.5,-3.9999999999999996,90.5235987755983,6.283185307179586,90.0,0.0,0.0,2.0,2.0,Infinity
0.0,0.0,4.0,5.0,5.0,-3.9999999999999996,90.5235987755983,6.283185307179586,90.0,0.0,0.0,2.0,2.0,Infinity
0.0,0.0,4.5,0.0,2.755455298081545E-16,-4.5,90.5235987755983,6.283185307179586,90.0,0.0,0.0,2.0,2.0,Infinity
0.0,0.0,4.5,0.5,0.5000000000000002,-4.5,90.5235987755983,6.283185307179586,90.0,0.0,0.0,2.0,2.0,Infinity
0.0,0.0,4.5,1.0,1.0000000000000002,-4.5,90.5235987755983,6.283185307179586,90.0,0.0,0.0,2.0,2.0,Infinity
0.0,0.0,4.5,1.5,1.5000000000000002,-4.5,90.5235987755983,6.283185307179586,90.0,0.0,0.0,2.0,2.0,Infinity
0.0,0.0,4.5,2.0,2.0000000000000004,-4.5,90.5235987755983,6.283185307179586,90.0,0.0,0.0,2.0,2.0,Infinity
0.0,0.0,4.5,2.5,2.5000000000000004,-4.5,90.5235987755983,6.283185307179586,90.0,0.0,0.0,2.0,2.0,Infinity
0.0,0.0,4.5,3.0,3.0000000000000004,-4.5,90.5235987755983,6.283185307179586,90.0,0.0,0.0,2.0,2.0,Infinity
0.0,0.0,4.5,3.5,3.5000000000000004,-4.5,90.5235987755983,6.283185307179586,90.0,0.0,0.0,2.0,2.0,Infinity
0.0,0.0,4.5,4.0,4.0,-4.5,90.5235987755983,6.283185307179586,90.0,0.0,0.0,2.0,2.0,Infinity
0.0,0.0,4.5,4.5,4.5,-4.5,90.5235987755983,6.283185307179586,90.0,0.0,0.0,2.0,2.0,Infinity
0.0,0.0,4.5,5.0,5.0,-4.5,90.5235987755983,6.283185307179586,90.0,0.0,0.0,2.0,2.0,Infinity
0.0,0.0,5.0,0.0,3.061616997868383E-16,-5.0,90.5235987755983,6.283185307179586,90.0,0.0,0.0,2.0,2.0,Infinity
0.0,0.0,5.0,0.5,0.5000000000000003,-5.0,90.5235987755983,6.283185307179586,90.0,0.0,0.0,2.0,2.0,Infinity
0.0,0.0,5.0,1.0,1.0000000000000002,-5.0,90.5235987755983,6.283185307179586,90.0,0.0,0.0,2.0,2.0,Infinity
0.0,0.0,5.0,1.5,1.5000000000000002,-5.0,90.5235987755983,6.283185307179586,90.0,0.0,0.0,2.0,2.0,Infinity
0.0,0.0,5.0,2.0,2.0000000000000004,-5.0,90.5235987755983,6.283185307179586,90.0,0.0,0.0,2.0,2.0,Infinity
0.0,0.0,5.0,2.5,2.5000000000000004,-5.0,90.5235987755983,6.283185307179586,90.0,0.0,0.0,2.0,2.0,Infinity
0.0,0.0,5.0,3.0,3.0000000000000004,-5.0,90.5235987755983,6.283185307179586,90.0,0.0,0.0,2.0,2.0,Infinity
0.0,0.0,5.0,3.5,3.5000000000000004,-5.0,90.5235987755983,6.283185307179586,90.0,0.0,0.0,2.0,2.0,Infinity
0.0,0.0,5.0,4.0,4.0,-5.0,90.5235987755983,6.283185307179586,90.0,0.0,0.0,2.0,2.0,Infinity
0.0,0.0,5.0,4.5,4.5,-5.0,90.5235987755983,6.283185307179586,90.0,0.0,0.0,2.0,2.0,Infinity
0.0,0.0,5.0,5.0,5.0,-5.0,90.5235987755983,6.283185307179586,90.0,0.0,0.0,2.0,2.0,Infinity
0.0,0.0,0.0,0.0,0.0,0.0,91.0471975511966,6.283185307179586,90.0,0.0,0.0,2.0,2.0,0.0
0.0,0.0,0.0,0.5,0.5,3.061616997868383E-17,91.0471975511966,6.283185307179586,90.0,0.0,0.0,2.0,2.0,0.0
0.0,0.0,0.0,1.0,1.0,6.123233995736766E-17,91.0471975511966,6.283185307179586,90.0,0.0,0.0,2.0,2.0,0.0
0.0,0.0,0.0,1.5,1.5,9.184850993605148E-17,91.0471975511966,6.283185307179586,90.0,0.0,0.0,2.0,2.0,0.0
0.0,0.0,0.0,2.0,2.0,1.2246467991473532E-16,91.0471975511966,6.283185307179586,90.0,0.0,0.0,2.0,2.0,0.0
0.0,0.0,0.0,2.5,2.5,1.5308084989341916E-16,91.0471975511966,6.283185307179586,90.0,0.0,0.0,2.0,2.0,0.0
0.0,0.0,0.0,3.0,3.0,1.8369701987210297E-16,91.0471975511966,6.283185307179586,90.0,0.0,0.0,2.0,2.0,0.25
0.0,0.0,0.0,3.5,3.5,2.143131898507868E-16,91.0471975511966,6.283185307179586,90.0,0.0,0.0,2.0,2.0,0.5
0.0,0.0,0.0,4.0,4.0,2.4492935982947064E-16,91.0471975511966,6.283185307179586,90.0,0.0,0.0,2.0,2.0,0.75
0.0,0.0,0.0,4.5,4.5,2.755455298081545E-16,91.0471975511966,6.283185307179586,90.0,0.0,0.0,2.0,2.0,1.0
0.0,0.0,0.0,5.0,5.0,3.061616997868383E-16,91.0471975511966,6.283185307179586,90.0,0.0,0.0,2.0,2.0,1.25
0.0,0.0,0.5,0.0,3.061616997868383E-17,-0.5,91.0471975511966,6.283185307179586,90.0,0.0,0.0,2.0,2.0,0.0
0.0,0.0,0.5,0.5,0.5,-0.49999999999999994,91.0471975511966,6.283185307179586,90.0,0.0,0.0,2.0,2.0,0.0
0.0,0.0,0.5,1.0,1.0,-0.49999999999999994,91.0471975511966,6.283185307179586,90.0,0.0,0.0,2.0,2.0,0.0
0.0,0.0,0.5,1.5,1.5,-0.4999999999999999,91.0471975511966,6.283185307179586,90.0,0.0,0.0,2.0,2.0,0.0
0.0,0.0,0.5,2.0,2.0,-0.4999999999999999,91.0471975511966,6.283185307179586,90.0,0.0,0.0,2.0,2.0,0.0
0.0,0.0,0.5,2.5,2.5,-0.49999999999999983,91.0471975511966,6.283185307179586,90.0,0.0,0.0,2.0,2.0,0.0
0.0,0.0,0.5,3.0,3.0,-0.49999999999999983,91.0471975511966,6.283185307179586,90.0,0.0,0.0,2.0,2.0,0.25
0.0,0.0,0.5,3.5,3.5,-0.4999999999999998,91.0471975511966,6.283185307179586,90.0,0.0,0.0,2.0,2.0,0.5
0.0,0.0,0.5,4.0,4.0,-0.4999999999999998,91.0471975511966,6.283185307179586,90.0,0.0,0.0,2.0,2.0,0.75
0.0,0.0,0.5,4.5,4.5,-0.4999999999999997,91.0471975511966,6.283185307179586,90.0,0.0,0.0,2.0,2.0,1.0
0.0,0.0,0.5,5.0,5.0,-0.49999999999999967,91.0471975511966,6.283185307179586,90.0,0.0,0.0,2.0,2.0,1.25
0.0,0.0,1.0,0.0,6.123233995736766E-17,-1.0,91.0471975511966,6.283185307179586,90.0,0.0,0.0,2.0,2.0,0.0
0.0,0.0,1.0,0.5,0.5000000000000001,-1.0,91.0471975511966,6.283185307179586,90.0,0.0,0.0,2.0,2.0,0.0
0.0,0.0,1.0,1.0,1.0,-0.9999999999999999,91.0471975511966,6.283185307179586,90.0,0.0,0.0,2.0,2.0,0.0
0.0,0.0,1.0,1.5,1.5,-0.9999999999999999,91.0471975511966,6.283185307179586,90.0,0.0,0.0,2.0,2.0,0.0
0.0,0.0,1.0,2.0,2.0,-0.9999999999999999,91.0471975511966,6.283185307179586,90.0,0.0,0.0,2.0,2.0,0.0
0.0,0.0,1.0,2.5,2.5,-0.9999999999999999,91.0471975511966,6.283185307179586,90.0,0.0,0.0,2.0,2.0,0.0
0.0,0.0,1.0,3.0,3.0,-0.9999999999999998,91.0471975511966,6.283185307179586,90.0,0.0,0.0,2.0,2.0,0.25
0.0,0.0,1.0,3.5,3.5,-0.9999999999999998,91.0471975511966,6.283185307179586,90.0,0.0,0.0,2.0,2.0,0.5
0.0,0.0,1.0,4.0,4.0,-0.9999999999999998,91.0471975511966,6.283185307179586,90.0,0.0,0.0,2.0,2.0,0.75
0.0,0.0,1.0,4.5,4.5,-0.9999999999999998,91.0471975511966,6.283185307179586,90.0,0.0,0.0,2.0,2.0,1.0
0.0,0.0,1.0,5.0,5.0,-0.9999999999999997,91.0471975511966,6.283185307179586,90.0,0.0,0.0,2.0,2.0,1.25
0.0,0.0,1.5,0.0,9.184850993605148E-17,-1.5,91.0471975511966,6.283185307179586,90.0,0.0,0.0,2.0,2.0,1.0
0.0,0.0,1.5,0.5,0.5000000000000001,-1.5,91.0471975511966,6.283185307179586,90.0,0.0,0.0,2.0,2.0,Infinity
0.0,0.0,1.5,1.0,1.0,-1.5,91.0471975511966,6.283185307179586,90.0,0.0,0.0,2.0,2.0,1.4999999999999998
0.0,0.0,1.5,1.5,1.5,-1.5,91.0471975511966,6.283185307179586,90.0,0.0,0.0,2.0,2.0,1.75
0.0,0.0,1.5,2.0,2.0,-1.4999999999999998,91.0471975511966,6.283185307179586,90.0,0.0,0.0,2.0,2.0,0.0
0.0,0.0,1.5,2.5,2.5,-1.4999999999999998,91.0471975511966,6.283185307179586,90.0,0.0,0.0,2.0,2.0,0.24999999473164394
0.0,0.0,1.5,3.0,3.0,-1.4999999999999998,91.0471975511966,6.283185307179586,90.0,0.0,0.0,2.0,2.0,0.5
0.0,0.0,1.5,3.5,3.5,-1.4999999999999998,91.0471975511966,6.283185307179586,90.0,0.0,0.0,2.0,2.0,0.75
0.0,0.0,1.5,4.0,4.0,-1.4999999999999998,91.0471975511966,6.283185307179586,90.0,0.0,0.0,2.0,2.0,1.0
0.0,0.0,1.5,4.5,4.5,-1.4999999999999998,91.0471975511966,6.283185307179586,90.0,0.0,0.0,2.0,2.0,1.25
0.0,0.0,1.5,5.0,5.0,-1.4999999999999998,91.0471975511966,6.283185307179586,90.0,0.0,0.0,2.0,2.0,1.5
0.0,0.0,2.0,0.0,1.2246467991473532E-16,-2.0,91.0471975511966,6.283185307179586,90.0,0.0,0.0,2.0,2.0,Infinity
0.0,0.0,2.0,0.5,0.5000000000000001,-2.0,91.0471975511966,6.283185307179586,90.0,0.0,0.0,2.0,2.0,Infinity
0.0,0.0,2.0,1.0,1.0000000000000002,-2.0,91.0471975511966,6.283185307179586,90.0,0.0,0.0,2.0,2.0,Infinity
0.0,0.0,2.0,1.5,1.5000000000000002,-2.0,91.0471975511966,6.283185307179586,90.0,0.0,0.0,2.0,2.0,Infinity
0.0,0.0,2.0,2.0,2.0,-1.9999999999999998,91.0471975511966,6.283185307179586,90.0,0.0,0.0,2.0,2.0,Infinity
0.0,0.0,2.0,2.5,2.5,-1.9999999999999998,91.0471975511966,6.283185307179586,90.0,0.0,0.0,2.0,2.0,Infinity
0.0,0.0,2.0,3.0,3.0,-1.9999999999999998,91.0471975511966,6.283185307179586,90.0,0.0,0.0,2.0,2.0,Infinity
0.0,0.0,2.0,3.5,3.5,-1.9999999999999998,91.0471975511966,6.283185307179586,90.0,0.0,0.0,2.0,2.0,Infinity
0.0,0.0,2.0,4.0,4.0,-1.9999999999999998,91.0471975511966,6.283185307179586,90.0,0.0,0.0,2.0,2.0,Infinity
0.0,0.0,2.0,4.5,4.5,-1.9999999999999998,91.0471975511966,6.283185307179586,90.0,0.0,0.0,2.0,2.0,Infinity
0.0,0.0,2.0,5.0,5.0,-1.9999999999999998,91.0471975511966,6.283185307179586,90.0,0.0,0.0,2.0,2.0,Infinity
0.0,0.0,2.5,0.0,1.5308084989341916E-16,-2.5,91.0471975511966,6.283185307179586,90.0,0.0,0.0,2.0,2.0,Infinity
0.0,0.0,2.5,0.5,0.5000000000000001,-2.5,91.0471975511966,6.283185307179586,90.0,0.0,0.0,2.0,2.0,Infinity
0.0,0.0,2.5,1.0,1.0000000000000002,-2.5,91.0471975511966,6.283185307179586,90.0,0.0,0.0,2.0,2.0,Infinity
0.0,0.0,2.5,1.5,1.5000000000000002,-2.5,91.0471975511966,6.283185307179586,90.0,0.0,0.0,2.0,2.0,Infinity
0.0,0.0,2.5,2.0,2.0,-2.5,91.0471975511966,6.283185307179586,90.0,0.0,0.0,2.0,2.0,Infinity
0.0,0.0,2.5,2.5,2.5,-2.5,91.0471975511966,6.283185307179586,90.0,0.0,0.0,2.0,2.0,Infinity
0.0,0.0,2.5,3.0,3.0,-2.5,91.0471975511966,6.283185307179586,90.0,0.0,0.0,2.0,2.0,Infinity
0.0,0.0,2.5,3.5,3.5,-2.5,91.0471975511966,6.283185307179586,90.0,0.0,0.0,2.0,2.0,Infinity
0.0,0.0,2.5,4.0,4.0,-2.4999999999999996,91.0471975511966,6.283185307179586,90.0,0.0,0.0,2.0,2.0,Infinity
0.0,0.0,2.5,4.5,4.5,-2.4999999999999996,91.0471975511966,6.283185307179586,90.0,0.0,0.0,2.0,2.0,Infinity
0.0,0.0,2.5,5.0,5.0,-2.4999999999999996,91.0471975511966,6.283185307179586,90.0,0.0,0.0,2.0,2.0,Infinity
0.0,0.0,3.0,0.0,1.8369701987210297E-16,-3.0,91.0471975511966,6.283185307179586,90.0,0.0,0.0,2.0,2.0,Infinity
0.0,0.0,3.0,0.5,0.5000000000000002,-3.0,91.0471975511966,6.283185307179586,90.0,0.0,0.0,2.0,2.0,Infinity
0.0,0.0,3.0,1.0,1.0000000000000002,-3.0,91.0471975511966,6.283185307179586,90.0,0.0,0.0,2.0,2.0,Infinity
0.0,0.0,3.0,1.5,1.5000000000000002,-3.0,91.0471975511966,6.283185307179586,90.0,0.0,0.0,2.0,2.0,Infinity
0.0,0.0,3.0,2.0,2.0,-3.0,91.0471975511966,6.283185307179586,90.0,0.0,0.0,2.0,2.0,Infinity
0.0,0.0,3.0,2.5,2.5,-3.0,91.0471975511966,6.283185307179586,90.0,0.0,0.0,2.0,2.0,Infinity
0.0,0.0,3.0,3.0,3.0,-3.0,91.0471975511966,6.283185307179586,90.0,0.0,0.0,2.0,2.0,Infinity
0.0,0.0,3.0,3.5,3.5,-3.0,91.0471975511966,6.283185307179586,90.0,0.0,0.0,2.0,2.0,Infinity
0.0,0.0,3.0,4.0,4.0,-2.9999999999999996,91.0471975511966,6.283185307179586,90.0,0.0,0.0,2.0,2.0,Infinity
0.0,0.0,3.0,4.5,4.5,-2.9999999999999996,91.0471975511966,6.283185307179586,90.0,0.0,0.0,2.0,2.0,Infinity
0.0,0.0,3.0,5.0,5.0,-2.9999999999999996,91.0471975511966,6.283185307179586,90.0,0.0,0.0,2.0,2.0,Infinity
0.0,0.0,3.5,0.0,2.143131898507868E-16,-3.5,91.0471975511966,6.283185307179586,90.0,0.0,0.0,2.0,2.0,Infinity
0.0,0.0,3.5,0.5,0.5000000000000002,-3.5,91.0471975511966,6.283185307179586,90.0,0.0,0.0,2.0,2.0,Infinity
0.0,0.0,3.5,1.0,1.0000000000000002,-3.5,91.0471975511966,6.283185307179586,90.0,0.0,0.0,2.0,2.0,Infinity
0.0,0.0,3.5,1.5,1.5000000000000002,-3.5,91.0471975511966,6.283185307179586,90.0,0.0,0.0,2.0,2.0,Infinity
0.0,0.0,3.5,2.0,2.0,-3.5,91.0471975511966,6.283185307179586,90.0,0.0,0.0,2.0,2.0,Infinity
0.0,0.0,3.5,2.5,2.5,-3.5,91.0471975511966,6.283185307179586,90.0,0.0,0.0,2.0,2.0,Infinity
0.0,0.0,3.5,3.0,3.0,-3.5,91.0471975511966,6.283185307179586,90.0,0.0,0.0,2.0,2.0,Infinity
0.0,0.0,3.5,3.5,3.5,-3.5,91.0471975511966,6.283185307179586,90.0,0.0,0.0,2.0,2.0,Infinity
0.0,0.0,3.5,4.0,4.0,-3.4999999999999996,91.0471975511966,6.283185307179586,90.0,0.0,0.0,2.0,2.0,Infinity
0.0,0.0,3.5,4.5,4.5,-3.4999999999999996,91.0471975511966,6.283185307179586,90.0,0.0,0.0,2.0,2.0,Infinity
0.0,0.0,3.5,5.0,5.0,-3.4999999999999996,91.0471975511966,6.283185307179586,90.0,0.0,0.0,2.0,2.0,Infinity
0.0,0.0,4.0,0.0,2.4492935982947064E-16,-4.0,91.0471975511966,6.283185307179586,90.0,0.0,0.0,2.0,2.0,Infinity
0.0,0.0,4.0,0.5,0.5000000000000002,-4.0,91.0471975511966,6.283185307179586,90.0,0.0,0.0,2.0,2.0,Infinity
0.0,0.0,4.0,1.0,1.0000000000000002,-4.0,91.0471975511966,6.283185307179586,90.0,0.0,0.0,2.0,2.0,Infinity
0.0,0.0,4.0,1.5,1.5000000000000002,-4.0,91.0471975511966,6.283185307179586,90.0,0.0,0.0,2.0,2.0,Infinity
0.0,0.0,4.0,2.0,2.0000000000000004,-4.0,91.0471975511966,6.283185307179586,90.0,0.0,0.0,2.0,2.0,Infinity
0.0,0.0,4.0,2.5,2.5000000000000004,-4.0,91.0471975511966,6.283185307179586,90.0,0.0,0.0,2.0,2.0,Infinity
0.0,0.0,4.0,3.0,3.0000000000000004,-4.0,91.0471975511966,6.283185307179586,90.0,0.0,0.0,2.0,2.0,Infinity
0.0,0.0,4.0,3.5,3.5000000000000004,-4.0,91.0471975511966,6.283185307179586,90.0,0.0,0.0,2.0,2.0,Infinity
0.0,0.0,4.0,4.0,4.0,-3.9999999999999996,91.0471975511966,6.283185307179586,90.0,0.0,0.0,2.0,2.0,Infinity
0.0,0.0,4.0,4.5,4.5,-3.9999999999999996,91.0471975511966,6.283185307179586,90.0,0.0,0.0,2.0,2.0,Infinity
0.0,0.0,4.0,5.0,5.0,-3.9999999999999996,91.0471975511966,6.283185307179586,90.0,0.0,0.0,2.0,2.0,Infinity
0.0,0.0,4.5,0.0,2.755455298081545E-16,-4.5,91.0471975511966,6.283185307179586,90.0,0.0,0.0,2.0,2.0,Infinity
0.0,0.0,4.5,0.5,0.5000000000000002,-4.5,91.0471975511966,6.283185307179586,90.0,0.0,0.0,2.0,2.0,Infinity
0.0,0.0,4.5,1.0,1.0000000000000002,-4.5,91.0471975511966,6.283185307179586,90.0,0.0,0.0,2.0,2.0,Infinity
0.0,0.0,4.5,1.5,1.5000000000000002,-4.5,91.0471975511966,6.283185307179586,90.0,0.0,0.0,2.0,2.0,Infinity
0.0,0.0,4.5,2.0,2.0000000000000004,-4.5,91.0471975511966,6.283185307179586,90.0,0.0,0.0,2.0,2.0,Infinity
0.0,0.0,4.5,2.5,2.5000000000000004,-4.5,91.0471975511966,6.283185307179586,90.0,0.0,0.0,2.0,2.0,Infinity
0.0,0.0,4.5,3.0,3.0000000000000004,-4.5,91.0471975511966,6.283185307179586,90.0,0.0,0.0,2.0,2.0,Infinity
0.0,0.0,4.5,3.5,3.5000000000000004,-4.5,91.0471975511966,6.283185307179586,90.0,0.0,0.0,2.0,2.0,Infinity
0.0,0.0,4.5,4.0,4.0,-4.5,91.0471975511966,6.283185307179586,90.0,0.0,0.0,2.0,2.0,Infinity
0.0,0.0,4.5,4.5,4.5,-4.5,91.0471975511966,6.283185307179586,90.0,0.0,0.0,2.0,2.0,Infinity
0.0,0.0,4.5,5.0,5.0,-4.5,91.0471975511966,6.283185307179586,90.0,0.0,0.0,2.0,2.0,Infinity
0.0,0.0,5.0,0.0,3.061616997868383E-16,-5.0,91.0471975511966,6.283185307179586,90.0,0.0,0.0,2.0,2.0,Infinity
0.0,0.0,5.0,0.5,0.5000000000000003,-5.0,91.0471975511966,6.283185307179586,90.0,0.0,0.0,2.0,2.0,Infinity
0.0,0.0,5.0,1.0,1.0000000000000002,-5.0,91.0471975511966,6.283185307179586,90.0,0.0,0.0,2.0,2.0,Infinity
0.0,0.0,5.0,1.5,1.5000000000000002,-5.0,91.0471975511966,6.283185307179586,90.0,0.0,0.0,2.0,2.0,Infinity
0.0,0.0,5.0,2.0,2.0000000000000004,-5.0,91.0471975511966,6.283185307179586,90.0,0.0,0.0,2.0,2.0,Infinity
0.0,0.0,5.0,2.5,2.5000000000000004,-5.0,91.0471975511966,6.283185307179586,90.0,0.0,0.0,2.0,2.0,Infinity
0.0,0.0,5.0,3.0,3.0000000000000004,-5.0,91.0471975511966,6.283185307179586,90.0,0.0,0.0,2.0,2.0,Infinity
0.0,0.0,5.0,3.5,3.5000000000000004,-5.0,91.0471975511966,6.283185307179586,90.0,0.0,0.0,2.0,2.0,Infinity
0.0,0.0,5.0,4.0,4.0,-5.0,91.0471975511966,6.283185307179586,90.0,0.0,0.0,2.0,2.0,Infinity
0.0,0.0,5.0,4.5,4.5,-5.0,91.0471975511966,6.283185307179586,90.0,0.0,0.0,2.0,2.0,Infinity
0.0,0.0,5.0,5.0,5.0,-5.0,91.0471975511966,6.283185307179586,90.0,0.0,0.0,2.0,2.0,Infinity
0.0,0.0,0.0,0.0,0.0,0.0,91.57079632679492,6.283185307179586,90.0,0.0,0.0,2.0,2.0,0.0
0.0,0.0,0.0,0.5,0.5,3.061616997868383E-17,91.57079632679492,6.283185307179586,90.0,0.0,0.0,2.0,2.0,0.0
0.0,0.0,0.0,1.0,1.0,6.123233995736766E-17,91.57079632679492,6.283185307179586,90.0,0.0,0.0,2.0,2.0,0.0
0.0,0.0,0.0,1.5,1.5,9.184850993605148E-17,91.57079632679492,6.283185307179586,90.0,0.0,0.0,2.0,2.0,0.0
0.0,0.0,0.0,2.0,2.0,1.2246467991473532E-16,91.57079632679492,6.283185307179586,90.0,0.0,0.0,2.0,2.0,0.0
0.0,0.0,0.0,2.5,2.5,1.5308084989341916E-16,91.57079632679492,6.283185307179586,90.0,0.0,0.0,2.0,2.0,0.0
0.0,0.0,0.0,3.0,3.0,1.8369701987210297E-16,91.57079632679492,6.283185307179586,90.0,0.0,0.0,2.0,2.0,0.25
0.0,0.0,0.0,3.5,3.5,2.143131898507868E-16,91.57079632679492,6.283185307179586,90.0,0.0,0.0,2.0,2.0,0.5
0.0,0.0,0.0,4.0,4.0,2.4492935982947064E-16,91.57079632679492,6.283185307179586,90.0,0.0,0.0,2.0,2.0,0.75
0.0,0.0,0.0,4.5,4.5,2.755455298081545E-16,91.57079632679492,6.283185307179586,90.0,0.0,0.0,2.0,2.0,1.0
0.0,0.0,0.0,5.0,5.0,3.061616997868383E-16,91.57079632679492,6.283185307179586,90.0,0.0,0.0,2.0,2.0,1.25
0.0,0.0,0.5,0.0,3.061616997868383E-17,-0.5,91.57079632679492,6.283185307179586,90.0,0.0,0.0,2.0,2.0,0.0
0.0,0.0,0.5,0.5,0.5,-0.49999999999999994,91.57079632679492,6.283185307179586,90.0,0.0,0.0,2.0,2.0,0.0
0.0,0.0,0.5,1.0,1.0,-0.49999999999999994,91.57079632679492,6.283185307179586,90.0,0.0,0.0,2.0,2.0,0.0
0.0,0.0,0.5,1.5,1.5,-0.4999999999999999,91.57079632679492,6.283185307179586,90.0,0.0,0.0,2.0,2.0,0.0
0.0,0.0,0.5,2.0,2.0,-0.4999999999999999,91.57079632679492,6.283185307179586,90.0,0.0,0.0,2.0,2.0,0.0
0.0,0.0,0.5,2.5,2.5,-0.49999999999999983,91.57079632679492,6.283185307179586,90.0,0.0,0.0,2.0,2.0,0.0
0.0,0.0,0.5,3.0,3.0,-0.49999999999999983,91.57079632679492,6.283185307179586,90.0,0.0,0.0,2.0,2.0,0.25
0.0,0.0,0.5,3.5,3.5,-0.4999999999999998,91.57079632679492,6.283185307179586,90.0,0.0,0.0,2.0,2.0,0.5
0.0,0.0,0.5,4.0,4.0,-0.4999999999999998,91.57079632679492,6.283185307179586,90.0,0.0,0.0,2.0,2.0,0.75
0.0,0.0,0.5,4.5,4.5,-0.4999999999999997,91.57079632679492,6.283185307179586,90.0,0.0,0.0,2.0,2.0,1.0
0.0,0.0,0.5,5.0,5.0,-0.49999999999999967,91.57079632679492,6.283185307179586,90.0,0.0,0.0,2.0,2.0,1.25
0.0,0.0,1.0,0.0,6.123233995736766E-17,-1.0,91.57079632679492,6.283185307179586,90.0,0.0,0.0,2.0,2.0,0.0
0.0,0.0,1.0,0.5,0.5000000000000001,-1.0,91.57079632679492,6.283185307179586,90.0,0.0,0.0,2.0,2.0,0.0
0.0,0.0,1.0,1.0,1.0,-0.9999999999999999,91.57079632679492,6.283185307179586,90.0,0.0,0.0,2.0,2.0,0.0
0.0,0.0,1.0,1.5,1.5,-0.9999999999999999,91.57079632679492,6.283185307179586,90.0,0.0,0.0,2.0,2.0,0.0
0.0,0.0,1.0,2.0,2.0,-0.9999999999999999,91.57079632679492,6.283185307179586,90.0,0.0,0.0,2.0,2.0,0.0
0.0,0.0,1.0,2.5,2.5,-0.9999999999999999,91.57079632679492,6.283185307179586,90.0,0.0,0.0,2.0,2.0,0.0
0.0,0.0,1.0,3.0,3.0,-0.9999999999999998,91.57079632679492,6.283185307179586,90.0,0.0,0.0,2.0,2.0,0.25
0.0,0.0,1.0,3.5,3.5,-0.9999999999999998,91.57079632679492,6.283185307179586,90.0,0.0,0.0,2.0,2.0,0.5
0.0,0.0,1.0,4.0,4.0,-0.9999999999999998,91.57079632679492,6.283185307179586,90.0,0.0,0.0,2.0,2.0,0.75
0.0,0.0,1.0,4.5,4.5,-0.9999999999999998,91.57079632679492,6.283185307179586,90.0,0.0,0.0,2.0,2.0,1.0
0.0,0.0,1.0,5.0,5.0,-0.9999999999999997,91.57079632679492,6.283185307179586,90.0,0.0,0.0,2.0,2.0,1.25
0.0,0.0,1.5,0.0,9.184850993605148E-17,-1.5,91.57079632679492,6.283185307179586,90.0,0.0,0.0,2.0,2.0,Infinity
0.0,0.0,1.5,0.5,0.5000000000000001,-1.5,91.57079632679492,6.283185307179586,90.0,0.0,0.0,2.0,2.0,1.25
0.0,0.0,1.5,1.0,1.0,-1.5,91.57079632679492,6.283185307179586,90.0,0.0,0.0,2.0,2.0,Infinity
0.0,0.0,1.5,1.5,1.5,-1.5,91.57079632679492,6.283185307179586,90.0,0.0,0.0,2.0,2.0,1.75
0.0,0.0,1.5,2.0,2.0,-1.4999999999999998,91.57079632679492,6.283185307179586,90.0,0.0,0.0,2.0,2.0,0.0
0.0,0.0,1.5,2.5,2.5,-1.4999999999999998,91.57079632679492,6.283185307179586,90.0,0.0,0.0,2.0,2.0,0.24999999627470962
0.0,0.0,1.5,3.0,3.0,-1.4999999999999998,91.57079632679492,6.283185307179586,90.0,0.0,0.0,2.0,2.0,0.5
0.0,0.0,1.5,3.5,3.5,-1.4999999999999998,91.57079632679492,6.283185307179586,90.0,0.0,0.0,2.0,2.0,0.75
0.0,0.0,1.5,4.0,4.0,-1.4999999999999998,91.57079632679492,6.283185307179586,90.0,0.0,0.0,2.0,2.0,1.0
0.0,0.0,1.5,4.5,4.5,-1.4999999999999998,91.57079632679492,6.283185307179586,90.0,0.0,0.0,2.0,2.0,1.25
0.0,0.0,1.5,5.0,5.0,-1.4999999999999998,91.57079632679492,6.283185307179586,90.0,0.0,0.0,2.0,2.0,1.5
0.0,0.0,2.0,0.0,1.2246467991473532E-16,-2.0,91.57079632679492,6.283185307179586,90.0,0.0,0.0,2.0,2.0,Infinity
0.0,0.0,2.0,0.5,0.5000000000000001,-2.0,91.57079632679492,6.283185307179586,90.0,0.0,0.0,2.0,2.0,Infinity
0.0,0.0,2.0,1.0,1.0000000000000002,-2.0,91.57079632679492,6.283185307179586,90.0,0.0,0.0,2.0,2.0,Infinity
0.0,0.0,2.0,1.5,1.5000000000000002,-2.0,91.57079632679492,6.283185307179586,90.0,0.0,0.0,2.0,2.0,Infinity
0.0,0.0,2.0,2.0,2.0,-1.9999999999999998,91.57079632679492,6.283185307179586,90.0,0.0,0.0,2.0,2.0,Infinity
0.0,0.0,2.0,2.5,2.5,-1.9999999999999998,91.57079632679492,6.283185307179586,90.0,0.0,0.0,2.0,2.0,Infinity
0.0,0.0,2.0,3.0,3.0,-1.9999999999999998,91.57079632679492,6.283185307179586,90.0,0.0,0.0,2.0,2.0,Infinity
0.0,0.0,2.0,3.5,3.5,-1.9999999999999998,91.57079632679492,6.283185307179586,90.0,0.0,0.0,2.0,2.0,Infinity
0.0,0.0,2.0,4.0,4.0,-1.9999999999999998,91.57079632679492,6.283185307179586,90.0,0.0,0.0,2.0,2.0,Infinity
0.0,0.0,2.0,4.5,4.5,-1.9999999999999998,91.57079632679492,6.283185307179586,90.0,0.0,0.0,2.0,2.0,Infinity
0.0,0.0,2.0,5.0,5.0,-1.9999999999999998,91.57079632679492,6.283185307179586,90.0,0.0,0.0,2.0,2.0,Infinity
0.0,0.0,2.5,0.0,1.5308084989341916E-16,-2.5,91.57079632679492,6.283185307179586,90.0,0.0,0.0,2.0,2.0,Infinity
0.0,0.0,2.5,0.5,0.5000000000000001,-2.5,91.57079632679492,6.283185307179586,90.0,0.0,0.0,2.0,2.0,Infinity
0.0,0.0,2.5,1.0,1.0000000000000002,-2.5,91.57079632679492,6.283185307179586,90.0,0.0,0.0,2.0,2.0,Infinity
0.0,0.0,2.5,1.5,1.5000000000000002,-2.5,91.57079632679492,6.283185307179586,90.0,0.0,0.0,2.0,2.0,Infinity
0.0,0.0,2.5,2.0,2.0,-2.5,91.57079632679492,6.283185307179586,90.0,0.0,0.0,2.0,2.0,Infinity
0.0,0.0,2.5,2.5,2.5,-2.5,91.57079632679492,6.283185307179586,90.0,0.0,0.0,2.0,2.0,Infinity
0.0,0.0,2.5,3.0,3.0,-2.5,91.57079632679492,6.283185307179586,90.0,0.0,0.0,2.0,2.0,Infinity
0.0,0.0,2.5,3.5,3.5,-2.5,91.57079632679492,6.283185307179586,90.0,0.0,0.0,2.0,2.0,Infinity
0.0,0.0,2.5,4.0,4.0,-2.4999999999999996,91.57079632679492,6.283185307179586,90.0,0.0,0.0,2.0,2.0,Infinity
0.0,0.0,2.5,4.5,4.5,-2.4999999999999996,91.57079632679492,6.283185307179586,90.0,0.0,0.0,2.0,2.0,Infinity
0.0,0.0,2.5,5.0,5.0,-2.4999999999999996,91.57079632679492,6.283185307179586,90.0,0.0,0.0,2.0,2.0,Infinity
0.0,0.0,3.0,0.0,1.8369701987210297E-16,-3.0,91.57079632679492,6.283185307179586,90.0,0.0,0.0,2.0,2.0,Infinity
0.0,0.0,3.0,0.5,0.5000000000000002,-3.0,91.57079632679492,6.283185307179586,90.0,0.0,0.0,2.0,2.0,Infinity
0.0,0.0,3.0,1.0,1.0000000000000002,-3.0,91.57079632679492,6.283185307179586,90.0,0.0,0.0,2.0,2.0,Infinity
0.0,0.0,3.0,1.5,1.5000000000000002,-3.0,91.57079632679492,6.283185307179586,90.0,0.0,0.0,2.0,2.0,Infinity
0.0,0.0,3.0,2.0,2.0,-3.0,91.57079632679492,6.283185307179586,90.0,0.0,0.0,2.0,2.0,Infinity
0.0,0.0,3.0,2.5,2.5,-3.0,91.57079632679492,6.283185307179586,90.0,0.0,0.0,2.0,2.0,Infinity
0.0,0.0,3.0,3.0,3.0,-3.0,91.57079632679492,6.283185307179586,90.0,0.0,0.0,2.0,2.0,Infinity
0.0,0.0,3.0,3.5,3.5,-3.0,91.57079632679492,6.283185307179586,90.0,0.0,0.0,2.0,2.0,Infinity
0.0,0.0,3.0,4.0,4.0,-2.9999999999999996,91.57079632679492,6.283185307179586,90.0,0.0,0.0,2.0,2.0,Infinity
0.0,0.0,3.0,4.5,4.5,-2.9999999999999996,91.57079632679492,6.283185307179586,90.0,0.0,0.0,2.0,2.0,Infinity
0.0,0.0,3.0,5.0,5.0,-2.9999999999999996,91.57079632679492,6.283185307179586,90.0,0.0,0.0,2.0,2.0,Infinity
0.0,0.0,3.5,0.0,2.143131898507868E-16,-3.5,91.57079632679492,6.283185307179586,90.0,0.0,0.0,2.0,2.0,Infinity
0.0,0.0,3.5,0.5,0.5000000000000002,-3.5,91.57079632679492,6.283185307179586,90.0,0.0,0.0,2.0,2.0,Infinity
0.0,0.0,3.5,1.0,1.0000000000000002,-3.5,91.57079632679492,6.283185307179586,90.0,0.0,0.0,2.0,2.0,Infinity
0.0,0.0,3.5,1.5,1.5000000000000002,-3.5,91.57079632679492,6.283185307179586,90.0,0.0,0.0,2.0,2.0,Infinity
0.0,0.0,3.5,2.0,2.0,-3.5,91.57079632679492,6.283185307179586,90.0,0.0,0.0,2.0,2.0,Infinity
0.0,0.0,3.5,2.5,2.5,-3.5,91.57079632679492,6.283185307179586,90.0,0.0,0.0,2.0,2.0,Infinity
0.0,0.0,3.5,3.0,3.0,-3.5,91.57079632679492,6.283185307179586,90.0,0.0,0.0,2.0,2.0,Infinity
0.0,0.0,3.5,3.5,3.5,-3.5,91.57079632679492,6.283185307179586,90.0,0.0,0.0,2.0,2.0,Infinity
0.0,0.0,3.5,4.0,4.0,-3.4999999999999996,91.57079632679492,6.283185307179586,90.0,0.0,0.0,2.0,2.0,Infinity
0.0,0.0,3.5,4.5,4.5,-3.4999999999999996,91.57079632679492,6.283185307179586,90.0,0.0,0.0,2.0,2.0,Infinity
0.0,0.0,3.5,5.0,5.0,-3.4999999999999996,91.57079632679492,6.283185307179586,90.0,0.0,0.0,2.0,2.0,Infinity
0.0,0.0,4.0,0.0,2.4492935982947064E-16,-4.0,91.57079632679492,6.283185307179586,90.0,0.0,0.0,2.0,2.0,Infinity
0.0,0.0,4.0,0.5,0.5000000000000002,-4.0,91.57079632679492,6.283185307179586,90.0,0.0,0.0,2.0,2.0,Infinity
0.0,0.0,4.0,1.0,1.0000000000000002,-4.0,91.57079632679492,6.283185307179586,90.0,0.0,0.0,2.0,2.0,Infinity
0.0,0.0,4.0,1.5,1.5000000000000002,-4.0,91.57079632679492,6.283185307179586,90.0,0.0,0.0,2.0,2.0,Infinity
0.0,0.0,4.0,2.0,2.0000000000000004,-4.0,91.57079632679492,6.283185307179586,90.0,0.0,0.0,2.0,2.0,Infinity
0.0,0.0,4.0,2.5,2.5000000000000004,-4.0,91.57079632679492,6.283185307179586,90.0,0.0,0.0,2.0,2.0,Infinity
0.0,0.0,4.0,3.0,3.0000000000000004,-4.0,91.57079632679492,6.283185307179586,90.0,0.0,0.0,2.0,2.0,Infinity
0.0,0.0,4.0,3.5,3.5000000000000004,-4.0,91.57079632679492,6.283185307179586,90.0,0.0,0.0,2.0,2.0,Infinity
0.0,0.0,4.0,4.0,4.0,-3.9999999999999996,91.57079632679492,6.283185307179586,90.0,0.0,0.0,2.0,2.0,Infinity
0.0,0.0,4.0,4.5,4.5,-3.9999999999999996,91.57079632679492,6.283185307179586,90.0,0.0,0.0,2.0,2.0,Infinity
0.0,0.0,4.0,5.0,5.0,-3.9999999999999996,91.57079632679492,6.283185307179586,90.0,0.0,0.0,2.0,2.0,Infinity
0.0,0.0,4.5,0.0,2.755455298081545E-16,-4.5,91.57079632679492,6.283185307179586,90.0,0.0,0.0,2.0,2.0,Infinity
0.0,0.0,4.5,0.5,0.5000000000000002,-4.5,91.57079632679492,6.283185307179586,90.0,0.0,0.0,2.0,2.0,Infinity
0.0,0.0,4.5,1.0,1.0000000000000002,-4.5,91.57079632679492,6.283185307179586,90.0,0.0,0.0,2.0,2.0,Infinity
0.0,0.0,4.5,1.5,1.5000000000000002,-4.5,91.57079632679492,6.283185307179586,90.0,0.0,0.0,2.0,2.0,Infinity
0.0,0.0,4.5,2.0,2.0000000000000004,-4.5,91.57079632679492,6.283185307179586,90.0,0.0,0.0,2.0,2.0,Infinity
0.0,0.0,4.5,2.5,2.5000000000000004,-4.5,91.57079632679492,6.283185307179586,90.0,0.0,0.0,2.0,2.0,Infinity
0.0,0.0,4.5,3.0,3.0000000000000004,-4.5,91.57079632679492,6.283185307179586,90.0,0.0,0.0,2.0,2.0,Infinity
0.0,0.0,4.5,3.5,3.5000000000000004,-4.5,91.57079632679492,6.283185307179586,90.0,0.0,0.0,2.0,2.0,Infinity
0.0,0.0,4.5,4.0,4.0,-4.5,91.57079632679492,6.283185307179586,90.0,0.0,0.0,2.0,2.0,Infinity
0.0,0.0,4.5,4.5,4.5,-4.5,91.57079632679492,6.283185307179586,90.0,0.0,0.0,2.0,2.0,Infinity
0.0,0.0,4.5,5.0,5.0,-4.5,91.57079632679492,6.283185307179586,90.0,0.0,0.0,2.0,2.0,Infinity
0.0,0.0,5.0,0.0,3.061616997868383E-16,-5.0,91.57079632679492,6.283185307179586,90.0,0.0,0.0,2.0,2.0,Infinity
0.0,0.0,5.0,0.5,0.5000000000000003,-5.0,91.57079632679492,6.283185307179586,90.0,0.0,0.0,2.0,2.0,Infinity
0.0,0.0,5.0,1.0,1.0000000000000002,-5.0,91.57079632679492,6.283185307179586,90.0,0.0,0.0,2.0,2.0,Infinity
0.0,0.0,5.0,1.5,1.5000000000000002,-5.0,91.57079632679492,6.283185307179586,90.0,0.0,0.0,2.0,2.0,Infinity
0.0,0.0,5.0,2.0,2.0000000000000004,-5.0,91.57079632679492,6.283185307179586,90.0,0.0,0.0,2.0,2.0,Infinity
0.0,0.0,5.0,2.5,2.5000000000000004,-5.0,91.57079632679492,6.283185307179586,90.0,0.0,0.0,2.0,2.0,Infinity
0.0,0.0,5.0,3.0,3.0000000000000004,-5.0,91.57079632679492,6.283185307179586,90.0,0.0,0.0,2.0,2.0,Infinity
0.0,0.0,5.0,3.5,3.5000000000000004,-5.0,91.57079632679492,6.283185307179586,90.0,0.0,0.0,2.0,2.0,Infinity
0.0,0.0,5.0,4.0,4.0,-5.0,91.57079632679492,6.283185307179586,90.0,0.0,0.0,2.0,2.0,Infinity
0.0,0.0,5.0,4.5,4.5,-5.0,91.57079632679492,6.283185307179586,90.0,0.0,0.0,2.0,2.0,Infinity
0.0,0.0,5.0,5.0,5.0,-5.0,91.57079632679492,6.283185307179586,90.0,0.0,0.0,2.0,2.0,Infinity
0.0,0.0,0.0,0.0,0.0,0.0,92.09439510239316,6.283185307179586,90.0,0.0,0.0,2.0,2.0,0.0
0.0,0.0,0.0,0.5,0.5,3.061616997868383E-17,92.09439510239316,6.283185307179586,90.0,0.0,0.0,2.0,2.0,0.0
0.0,0.0,0.0,1.0,1.0,6.123233995736766E-17,92.09439510239316,6.283185307179586,90.0,0.0,0.0,2.0,2.0,0.0
0.0,0.0,0.0,1.5,1.5,9.184850993605148E-17,92.09439510239316,6.283185307179586,90.0,0.0,0.0,2.0,2.0,0.0
0.0,0.0,0.0,2.0,2.0,1.2246467991473532E-16,92.09439510239316,6.283185307179586,90.0,0.0,0.0,2.0,2.0,0.0
0.0,0.0,0.0,2.5,2.5,1.5308084989341916E-16,92.09439510239316,6.283185307179586,90.0,0.0,0.0,2.0,2.0,0.0
0.0,0.0,0.0,3.0,3.0,1.8369701987210297E-16,92.09439510239316,6.283185307179586,90.0,0.0,0.0,2.0,2.0,0.25
0.0,0.0,0.0,3.5,3.5,2.143131898507868E-16,92.09439510239316,6.283185307179586,90.0,0.0,0.0,2.0,2.0,0.5
0.0,0.0,0.0,4.0,4.0,2.4492935982947064E-16,92.09439510239316,6.283185307179586,90.0,0.0,0.0,2.0,2.0,0.75
0.0,0.0,0.0,4.5,4.5,2.755455298081545E-16,92.09439510239316,6.283185307179586,90.0,0.0,0.0,2.0,2.0,1.0
0.0,0.0,0.0,5.0,5.0,3.061616997868383E-16,92.09439510239316,6.283185307179586,90.0,0.0,0.0,2.0,2.0,1.25
0.0,0.0,0.5,0.0,3.061616997868383E-17,-0.5,92.09439510239316,6.283185307179586,90.0,0.0,0.0,2.0,2.0,0.0
0.0,0.0,0.5,0.5,0.5,-0.49999999999999994,92.09439510239316,6.283185307179586,90.0,0.0,0.0,2.0,2.0,0.0
0.0,0.0,0.5,1.0,1.0,-0.49999999999999994,92.09439510239316,6.283185307179586,90.0,0.0,0.0,2.0,2.0,0.0
0.0,0.0,0.5,1.5,1.5,-0.4999999999999999,92.09439510239316,6.283185307179586,90.0,0.0,0.0,2.0,2.0,0.0
0.0,0.0,0.5,2.0,2.0,-0.4999999999999999,92.09439510239316,6.283185307179586,90.0,0.0,0.0,2.0,2.0,0.0
0.0,0.0,0.5,2.5,2.5,-0.49999999999999983,92.09439510239316,6.283185307179586,90.0,0.0,0.0,2.0,2.0,0.0
0.0,0.0,0.5,3.0,3.0,-0.49999999999999983,92.09439510239316,6.283185307179586,90.0,0.0,0.0,2.0,2.0,0.25
0.0,0.0,0.5,3.5,3.5,-0.4999999999999998,92.09439510239316,6.283185307179586,90.0,0.0,0.0,2.0,2.0,0.5
0.0,0.0,0.5,4.0,4.0,-0.4999999999999998,92.09439510239316,6.283185307179586,90.0,0.0,0.0,2.0,2.0,0.75
0.0,0.0,0.5,4.5,4.5,-0.4999999999999997,92.09439510239316,6.283185307179586,90.0,0.0,0.0,2.0,2.0,1.0
0.0,0.0,0.5,5.0,5.0,-0.49999999999999967,92.09439510239316,6.283185307179586,90.0,0.0,0.0,2.0,2.0,1.25
0.0,0.0,1.0,0.0,6.123233995736766E-17,-1.0,92.09439510239316,6.283185307179586,90.0,0.0,0.0,2.0,2.0,0.0
0.0,0.0,1.0,0.5,0.5000000000000001,-1.0,92.09439510239316,6.283185307179586,90.0,0.0,0.0,2.0,2.0,0.0
0.0,0.0,1.0,1.0,1.0,-0.9999999999999999,92.09439510239316,6.283185307179586,90.0,0.0,0.0,2.0,2.0,0.0
0.0,0.0,1.0,1.5,1.5,-0.9999999999999999,92.09439510239316,6.283185307179586,90.0,0.0,0.0,2.0,2.0,0.0
0.0,0.0,1.0,2.0,2.0,-0.9999999999999999,92.09439510239316,6.283185307179586,90.0,0.0,0.0,2.0,2.0,0.0
0.0,0.0,1.0,2.5,2.5,-0.9999999999999999,92.09439510239316,6.283185307179586,90.0,0.0,0.0,2.0,2.0,0.0
0.0,0.0,1.0,3.0,3.0,-0.9999999999999998,92.09439510239316,6.283185307179586,90.0,0.0,0.0,2.0,2.0,0.25
0.0,0.0,1.0,3.5,3.5,-0.9999999999999998,92.09439510239316,6.283185307179586,90.0,0.0,0.0,2.0,2.0,0.5
0.0,0.0,1.0,4.0,4.0,-0.9999999999999998,92.09439510239316,6.283185307179586,90.0,0.0,0.0,2.0,2.0,0.75
0.0,0.0,1.0,4.5,4.5,-0.9999999999999998,92.09439510239316,6.283185307179586,90.0,0.0,0.0,2.0,2.0,1.0
0.0,0.0,1.0,5.0,5.0,-0.9999999999999997,92.09439510239316,6.283185307179586,90.0,0.0,0.0,2.0,2.0,1.25
0.0,0.0,1.5,0.0,9.184850993605148E-17,-1.5,92.09439510239316,6.283185307179586,90.0,0.0,0.0,2.0,2.0,0.9999999850988388
0.0,0.0,1.5,0.5,0.5000000000000001,-1.5,92.09439510239316,6.283185307179586,90.0,0.0,0.0,2.0,2.0,Infinity
0.0,0.0,1.5,1.0,1.0,-1.5,92.09439510239316,6.283185307179586,90.0,0.0,0.0,2.0,2.0,1.5
0.0,0.0,1.5,1.5,1.5,-1.5,92.09439510239316,6.283185307179586,90.0,0.0,0.0,2.0,2.0,Infinity
0.0,0.0,1.5,2.0,2.0,-1.4999999999999998,92.09439510239316,6.283185307179586,90.0,0.0,0.0,2.0,2.0,0.0
0.0,0.0,1.5,2.5,2.5,-1.4999999999999998,92.09439510239316,6.283185307179586,90.0,0.0,0.0,2.0,2.0,0.24999999473164392
0.0,0.0,1.5,3.0,3.0,-1.4999999999999998,92.09439510239316,6.283185307179586,90.0,0.0,0.0,2.0,2.0,0.4999999925494194
0.0,0.0,1.5,3.5,3.5,-1.4999999999999998,92.09439510239316,6.283185307179586,90.0,0.0,0.0,2.0,2.0,0.75
0.0,0.0,1.5,4.0,4.0,-1.4999999999999998,92.09439510239316,6.283185307179586,90.0,0.0,0.0,2.0,2.0,1.0
0.0,0.0,1.5,4.5,4.5,-1.4999999999999998,92.09439510239316,6.283185307179586,90.0,0.0,0.0,2.0,2.0,1.25
0.0,0.0,1.5,5.0,5.0,-1.4999999999999998,92.09439510239316,6.283185307179586,90.0,0.0,0.0,2.0,2.0,1.5
0.0,0.0,2.0,0.0,1.2246467991473532E-16,-2.0,92.09439510239316,6.283185307179586,90.0,0.0,0.0,2.0,2.0,Infinity
0.0,0.0,2.0,0.5,0.5000000000000001,-2.0,92.09439510239316,6.283185307179586,90.0,0.0,0.0,2.0,2.0,Infinity
0.0,0.0,2.0,1.0,1.0000000000000002,-2.0,92.09439510239316,6.283185307179586,90.0,0.0,0.0,2.0,2.0,Infinity
0.0,0.0,2.0,1.5,1.5000000000000002,-2.0,92.09439510239316,6.283185307179586,90.0,0.0,0.0,2.0,2.0,Infinity
0.0,0.0,2.0,2.0,2.0,-1.9999999999999998,92.09439510239316,6.283185307179586,90.0,0.0,0.0,2.0,2.0,Infinity
0.0,0.0,2.0,2.5,2.5,-1.9999999999999998,92.09439510239316,6.283185307179586,90.0,0.0,0.0,2.0,2.0,Infinity
0.0,0.0,2.0,3.0,3.0,-1.9999999999999998,92.09439510239316,6.283185307179586,90.0,0.0,0.0,2.0,2.0,Infinity
0.0,0.0,2.0,3.5,3.5,-1.9999999999999998,92.09439510239316,6.283185307179586,90.0,0.0,0.0,2.0,2.0,Infinity
0.0,0.0,2.0,4.0,4.0,-1.9999999999999998,92.09439510239316,6.283185307179586,90.0,0.0,0.0,2.0,2.0,Infinity
0.0,0.0,2.0,4.5,4.5,-1.9999999999999998,92.09439510239316,6.283185307179586,90.0,0.0,0.0,2.0,2.0,Infinity
0.0,0.0,2.0,5.0,5.0,-1.9999999999999998,92.09439510239316,6.283185307179586,90.0,0.0,0.0,2.0,2.0,Infinity
0.0,0.0,2.5,0.0,1.5308084989341916E-16,-2.5,92.09439510239316,6.283185307179586,90.0,0.0,0.0,2.0,2.0,Infinity
0.0,0.0,2.5,0.5,0.5000000000000001,-2.5,92.09439510239316,6.283185307179586,90.0,0.0,0.0,2.0,2.0,Infinity
0.0,0.0,2.5,1.0,1.0000000000000002,-2.5,92.09439510239316,6.283185307179586,90.0,0.0,0.0,2.0,2.0,Infinity
0.0,0.0,2.5,1.5,1.5000000000000002,-2.5,92.09439510239316,6.283185307179586,90.0,0.0,0.0,2.0,2.0,Infinity
0.0,0.0,2.5,2.0,2.0,-2.5,92.09439510239316,6.283185307179586,90.0,0.0,0.0,2.0,2.0,Infinity
0.0,0.0,2.5,2.5,2.5,-2.5,92.09439510239316,6.283185307179586,90.0,0.0,0.0,2.0,2.0,Infinity
0.0,0.0,2.5,3.0,3.0,-2.5,92.09439510239316,6.283185307179586,90.0,0.0,0.0,2.0,2.0,Infinity
0.0,0.0,2.5,3.5,3.5,-2.5,92.09439510239316,6.283185307179586,90.0,0.0,0.0,2.0,2.0,Infinity
0.0,0.0,2.5,4.0,4.0,-2.4999999999999996,92.09439510239316,6.283185307179586,90.0,0.0,0.0,2.0,2.0,Infinity
0.0,0.0,2.5,4.5,4.5,-2.4999999999999996,92.09439510239316,6.283185307179586,90.0,0.0,0.0,2.0,2.0,Infinity
0.0,0.0,2.5,5.0,5.0,-2.4999999999999996,92.09439510239316,6.283185307179586,90.0,0.0,0.0,2.0,2.0,Infinity
0.0,0.0,3.0,0.0,1.8369701987210297E-16,-3.0,92.09439510239316,6.283185307179586,90.0,0.0,0.0,2.0,2.0,Infinity
0.0,0.0,3.0,0.5,0.5000000000000002,-3.0,92.09439510239316,6.283185307179586,90.0,0.0,0.0,2.0,2.0,Infinity
0.0,0.0,3.0,1.0,1.0000000000000002,-3.0,92.09439510239316,6.283185307179586,90.0,0.0,0.0,2.0,2.0,Infinity
0.0,0.0,3.0,1.5,1.5000000000000002,-3.0,92.09439510239316,6.283185307179586,90.0,0.0,0.0,2.0,2.0,Infinity
0.0,0.0,3.0,2.0,2.0,-3.0,92.09439510239316,6.283185307179586,90.0,0.0,0.0,2.0,2.0,Infinity
0.0,0.0,3.0,2.5,2.5,-3.0,92.09439510239316,6.283185307179586,90.0,0.0,0.0,2.0,2.0,Infinity
0.0,0.0,3.0,3.0,3.0,-3.0,92.09439510239316,6.283185307179586,90.0,0.0,0.0,2.0,2.0,Infinity
0.0,0.0,3.0,3.5,3.5,-3.0,92.09439510239316,6.283185307179586,90.0,0.0,0.0,2.0,2.0,Infinity
0.0,0.0,3.0,4.0,4.0,-2.9999999999999996,92.09439510239316,6.283185307179586,90.0,0.0,0.0,2.0,2.0,Infinity
0.0,0.0,3.0,4.5,4.5,-2.9999999999999996,92.09439510239316,6.283185307179586,90.0,0.0,0.0,2.0,2.0,Infinity
0.0,0.0,3.0,5.0,5.0,-2.9999999999999996,92.09439510239316,6.283185307179586,90.0,0.0,0.0,2.0,2.0,Infinity
0.0,0.0,3.5,0.0,2.143131898507868E-16,-3.5,92.09439510239316,6.283185307179586,90.0,0.0,0.0,2.0,2.0,Infinity
0.0,0.0,3.5,0.5,0.5000000000000002,-3.5,92.09439510239316,6.283185307179586,90.0,0.0,0.0,2.0,2.0,Infinity
0.0,0.0,3.5,1.0,1.0000000000000002,-3.5,92.09439510239316,6.283185307179586,90.0,0.0,0.0,2.0,2.0,Infinity
0.0,0.0,3.5,1.5,1.5000000000000002,-3.5,92.09439510239316,6.283185307179586,90.0,0.0,0.0,2.0,2.0,Infinity
0.0,0.0,3.5,2.0,2.0,-3.5,92.09439510239316,6.283185307179586,90.0,0.0,0.0,2.0,2.0,Infinity
0.0,0.0,3.5,2.5,2.5,-3.5,92.09439510239316,6.283185307179586,90.0,0.0,0.0,2.0,2.0,Infinity
0.0,0.0,3.5,3.0,3.0,-3.5,92.09439510239316,6.283185307179586,90.0,0.0,0.0,2.0,2.0,Infinity
0.0,0.0,3.5,3.5,3.5,-3.5,92.09439510239316,6.283185307179586,90.0,0.0,0.0,2.0,2.0,Infinity
0.0,0.0,3.5,4.0,4.0,-3.4999999999999996,92.09439510239316,6.283185307179586,90.0,0.0,0.0,2.0,2.0,Infinity
0.0,0.0,3.5,4.5,4.5,-3.4999999999999996,92.09439510239316,6.283185307179586,90.0,0.0,0.0,2.0,2.0,Infinity
0.0,0.0,3.5,5.0,5.0,-3.4999999999999996,92.09439510239316,6.283185307179586,90.0,0.0,0.0,2.0,2.0,Infinity
0.0,0.0,4.0,0.0,2.4492935982947064E-16,-4.0,92.09439510239316,6.283185307179586,90.0,0.0,0.0,2.0,2.0,Infinity
0.0,0.0,4.0,0.5,0.5000000000000002,-4.0,92.09439510239316,6.283185307179586,90.0,0.0,0.0,2.0,2.0,Infinity
0.0,0.0,4.0,1.0,1.0000000000000002,-4.0,92.09439510239316,6.283185307179586,90.0,0.0,0.0,2.0,2.0,Infinity
0.0,0.0,4.0,1.5,1.5000000000000002,-4.0,92.09439510239316,6.283185307179586,90.0,0.0,0.0,2.0,2.0,Infinity
0.0,0.0,4.0,2.0,2.0000000000000004,-4.0,92.09439510239316,6.283185307179586,90.0,0.0,0.0,2.0,2.0,Infinity
0.0,0.0,4.0,2.5,2.5000000000000004,-4.0,92.09439510239316,6.283185307179586,90.0,0.0,0.0,2.0,2.0,Infinity
0.0,0.0,4.0,3.0,3.0000000000000004,-4.0,92.09439510239316,6.283185307179586,90.0,0.0,0.0,2.0,2.0,Infinity
0.0,0.0,4.0,3.5,3.5000000000000004,-4.0,92.09439510239316,6.283185307179586,90.0,0.0,0.0,2.0,2.0,Infinity
0.0,0.0,4.0,4.0,4.0,-3.9999999999999996,92.09439510239316,6.283185307179586,90.0,0.0,0.0,2.0,2.0,Infinity
0.0,0.0,4.0,4.5,4.5,-3.9999999999999996,92.09439510239316,6.283185307179586,90.0,0.0,0.0,2.0,2.0,Infinity
0.0,0.0,4.0,5.0,5.0,-3.9999999999999996,92.09439510239316,6.283185307179586,90.0,0.0,0.0,2.0,2.0,Infinity
0.0,0.0,4.5,0.0,2.755455298081545E-16,-4.5,92.09439510239316,6.283185307179586,90.0,0.0,0.0,2.0,2.0,Infinity
0.0,0.0,4.5,0.5,0.5000000000000002,-4.5,92.09439510239316,6.283185307179586,90.0,0.0,0.0,2.0,2.0,Infinity
0.0,0.0,4.5,1.0,1.0000000000000002,-4.5,92.09439510239316,6.283185307179586,90.0,0.0,0.0,2.0,2.0,Infinity
0.0,0.0,4.5,1.5,1.5000000000000002,-4.5,92.09439510239316,6.283185307179586,90.0,0.0,0.0,2.0,2.0,Infinity
0.0,0.0,4.5,2.0,2.0000000000000004,-4.5,92.09439510239316,6.283185307179586,90.0,0.0,0.0,2.0,2.0,Infinity
0.0,0.0,4.5,2.5,2.5000000000000004,-4.5,92.09439510239316,6.283185307179586,90.0,0.0,0.0,2.0,2.0,Infinity
0.0,0.0,4.5,3.0,3.0000000000000004,-4.5,92.09439510239316,6.283185307179586,90.0,0.0,0.0,2.0,2.0,Infinity
0.0,0.0,4.5,3.5,3.5000000000000004,-4.5,92.09439510239316,6.283185307179586,90.0,0.0,0.0,2.0,2.0,Infinity
0.0,0.0,4.5,4.0,4.0,-4.5,92.09439510239316,6.283185307179586,90.0,0.0,0.0,2.0,2.0,Infinity
0.0,0.0,4.5,4.5,4.5,-4.5,92.09439510239316,6.283185307179586,90.0,0.0,0.0,2.0,2.0,Infinity
0.0,0.0,4.5,5.0,5.0,-4.5,92.09439510239316,6.283185307179586,90.0,0.0,0.0,2.0,2.0,Infinity
0.0,0.0,5.0,0.0,3.061616997868383E-16,-5.0,92.09439510239316,6.283185307179586,90.0,0.0,0.0,2.0,2.0,Infinity
0.0,0.0,5.0,0.5,0.5000000000000003,-5.0,92.09439510239316,6.283185307179586,90.0,0.0,0.0,2.0,2.0,Infinity
0.0,0.0,5.0,1.0,1.0000000000000002,-5.0,92.09439510239316,6.283185307179586,90.0,0.0,0.0,2.0,2.0,Infinity
0.0,0.0,5.0,1.5,1.5000000000000002,-5.0,92.09439510239316,6.283185307179586,90.0,0.0,0.0,2.0,2.0,Infinity
0.0,0.0,5.0,2.0,2.0000000000000004,-5.0,92.09439510239316,6.283185307179586,90.0,0.0,0.0,2.0,2.0,Infinity
0.0,0.0,5.0,2.5,2.5000000000000004,-5.0,92.09439510239316,6.283185307179586,90.0,0.0,0.0,2.0,2.0,Infinity
0.0,0.0,5.0,3.0,3.0000000000000004,-5.0,92.09439510239316,6.283185307179586,90.0,0.0,0.0,2.0,2.0,Infinity
0.0,0.0,5.0,3.5,3.5000000000000004,-5.0,92.09439510239316,6.283185307179586,90.0,0.0,0.0,2.0,2.0,Infinity
0.0,0.0,5.0,4.0,4.0,-5.0,92.09439510239316,6.283185307179586,90.0,0.0,0.0,2.0,2.0,Infinity
0.0,0.0,5.0,4.5,4.5,-5.0,92.09439510239316,6.283185307179586,90.0,0.0,0.0,2.0,2.0,Infinity
0.0,0.0,5.0,5.0,5.0,-5.0,92.09439510239316,6.283185307179586,90.0,0.0,0.0,2.0,2.0,Infinity
0.0,0.0,0.0,0.0,0.0,0.0,92.61799387799148,6.283185307179586,90.0,0.0,0.0,2.0,2.0,0.0
0.0,0.0,0.0,0.5,0.5,3.061616997868383E-17,92.61799387799148,6.283185307179586,90.0,0.0,0.0,2.0,2.0,0.0
0.0,0.0,0.0,1.0,1.0,6.123233995736766E-17,92.61799387799148,6.283185307179586,90.0,0.0,0.0,2.0,2.0,0.0
0.0,0.0,0.0,1.5,1.5,9.184850993605148E-17,92.61799387799148,6.283185307179586,90.0,0.0,0.0,2.0,2.0,0.0
0.0,0.0,0.0,2.0,2.0,1.2246467991473532E-16,92.61799387799148,6.283185307179586,90.0,0.0,0.0,2.0,2.0,0.0
0.0,0.0,0.0,2.5,2.5,1.5308084989341916E-16,92.61799387799148,6.283185307179586,90.0,0.0,0.0,2.0,2.0,0.0
0.0,0.0,0.0,3.0,3.0,1.8369701987210297E-16,92.61799387799148,6.283185307179586,90.0,0.0,0.0,2.0,2.0,0.25
0.0,0.0,0.0,3.5,3.5,2.143131898507868E-16,92.61799387799148,6.283185307179586,90.0,0.0,0.0,2.0,2.0,0.5
0.0,0.0,0.0,4.0,4.0,2.4492935982947064E-16,92.61799387799148,6.283185307179586,90.0,0.0,0.0,2.0,2.0,0.75
0.0,0.0,0.0,4.5,4.5,2.755455298081545E-16,92.61799387799148,6.283185307179586,90.0,0.0,0.0,2.0,2.0,1.0
0.0,0.0,0.0,5.0,5.0,3.061616997868383E-16,92.61799387799148,6.283185307179586,90.0,0.0,0.0,2.0,2.0,1.25
0.0,0.0,0.5,0.0,3.061616997868383E-17,-0.5,92.61799387799148,6.283185307179586,90.0,0.0,0.0,2.0,2.0,0.0
0.0,0.0,0.5,0.5,0.5,-0.49999999999999994,92.61799387799148,6.283185307179586,90.0,0.0,0.0,2.0,2.0,0.0
0.0,0.0,0.5,1.0,1.0,-0.49999999999999994,92.61799387799148,6.283185307179586,90.0,0.0,0.0,2.0,2.0,0.0
0.0,0.0,0.5,1.5,1.5,-0.4999999999999999,92.61799387799148,6.283185307179586,90.0,0.0,0.0,2.0,2.0,0.0
0.0,0.0,0.5,2.0,2.0,-0.4999999999999999,92.61799387799148,6.283185307179586,90.0,0.0,0.0,2.0,2.0,0.0
0.0,0.0,0.5,2.5,2.5,-0.49999999999999983,92.61799387799148,6.283185307179586,90.0,0.0,0.0,2.0,2.0,0.0
0.0,0.0,0.5,3.0,3.0,-0.49999999999999983,92.61799387799148,6.283185307179586,90.0,0.0,0.0,2.0,2.0,0.25
0.0,0.0,0.5,3.5,3.5,-0.4999999999999998,92.61799387799148,6.283185307179586,90.0,0.0,0.0,2.0,2.0,0.5
0.0,0.0,0.5,4.0,4.0,-0.4999999999999998,92.61799387799148,6.283185307179586,90.0,0.0,0.0,2.0,2.0,0.75
0.0,0.0,0.5,4.5,4.5,-0.4999999999999997,92.61799387799148,6.283185307179586,90.0,0.0,0.0,2.0,2.0,1.0
0.0,0.0,0.5,5.0,5.0,-0.49999999999999967,92.61799387799148,6.283185307179586,90.0,0.0,0.0,2.0,2.0,1.25
0.0,0.0,1.0,0.0,6.123233995736766E-17,-1.0,92.61799387799148,6.283185307179586,90.0,0.0,0.0,2.0,2.0,0.0
0.0,0.0,1.0,0.5,0.5000000000000001,-1.0,92.61799387799148,6.283185307179586,90.0,0.0,0.0,2.0,2.0,0.0
0.0,0.0,1.0,1.0,1.0,-0.9999999999999999,92.61799387799148,6.283185307179586,90.0,0.0,0.0,2.0,2.0,0.0
0.0,0.0,1.0,1.5,1.5,-0.9999999999999999,92.61799387799148,6.283185307179586,90.0,0.0,0.0,2.0,2.0,0.0
0.0,0.0,1.0,2.0,2.0,-0.9999999999999999,92.61799387799148,6.283185307179586,90.0,0.0,0.0,2.0,2.0,0.0
0.0,0.0,1.0,2.5,2.5,-0.9999999999999999,92.61799387799148,6.283185307179586,90.0,0.0,0.0,2.0,2.0,0.0
0.0,0.0,1.0,3.0,3.0,-0.9999999999999998,92.61799387799148,6.283185307179586,90.0,0.0,0.0,2.0,2.0,0.25
0.0,0.0,1.0,3.5,3.5,-0.9999999999999998,92.61799387799148,6.283185307179586,90.0,0.0,0.0,2.0,2.0,0.5
0.0,0.0,1.0,4.0,4.0,-0.9999999999999998,92.61799387799148,6.283185307179586,90.0,0.0,0.0,2.0,2.0,0.75
0.0,0.0,1.0,4.5,4.5,-0.9999999999999998,92.61799387799148,6.283185307179586,90.0,0.0,0.0,2.0,2.0,1.0
0.0,0.0,1.0,5.0,5.0,-0.9999999999999997,92.61799387799148,6.283185307179586,90.0,0.0,0.0,2.0,2.0,1.25
0.0,0.0,1.5,0.0,9.184850993605148E-17,-1.5,92.61799387799148,6.283185307179586,90.0,0.0,0.0,2.0,2.0,0.999999985098839
0.0,0.0,1.5,0.5,0.5000000000000001,-1.5,92.61799387799148,6.283185307179586,90.0,0.0,0.0,2.0,2.0,1.2499999850988388
0.0,0.0,1.5,1.0,1.0,-1.5,92.61799387799148,6.283185307179586,90.0,0.0,0.0,2.0,2.0,1.5
0.0,0.0,1.5,1.5,1.5,-1.5,92.61799387799148,6.283185307179586,90.0,0.0,0.0,2.0,2.0,1.75
0.0,0.0,1.5,2.0,2.0,-1.4999999999999998,92.61799387799148,6.283185307179586,90.0,0.0,0.0,2.0,2.0,0.0
0.0,0.0,1.5,2.5,2.5,-1.4999999999999998,92.61799387799148,6.283185307179586,90.0,0.0,0.0,2.0,2.0,0.25
0.0,0.0,1.5,3.0,3.0,-1.4999999999999998,92.61799387799148,6.283185307179586,90.0,0.0,0.0,2.0,2.0,0.499999989463288
0.0,0.0,1.5,3.5,3.5,-1.4999999999999998,92.61799387799148,6.283185307179586,90.0,0.0,0.0,2.0,2.0,0.75
0.0,0.0,1.5,4.0,4.0,-1.4999999999999998,92.61799387799148,6.283185307179586,90.0,0.0,0.0,2.0,2.0,0.999999985098839
0.0,0.0,1.5,4.5,4.5,-1.4999999999999998,92.61799387799148,6.283185307179586,90.0,0.0,0.0,2.0,2.0,1.2499999850988388
0.0,0.0,1.5,5.0,5.0,-1.4999999999999998,92.61799387799148,6.283185307179586,90.0,0.0,0.0,2.0,2.0,1.5
0.0,0.0,2.0,0.0,1.2246467991473532E-16,-2.0,92.61799387799148,6.283185307179586,90.0,0.0,0.0,2.0,2.0,Infinity
0.0,0.0,2.0,0.5,0.5000000000000001,-2.0,92.61799387799148,6.283185307179586,90.0,0.0,0.0,2.0,2.0,Infinity
0.0,0.0,2.0,1.0,1.0000000000000002,-2.0,92.61799387799148,6.283185307179586,90.0,0.0,0.0,2.0,2.0,Infinity
0.0,0.0,2.0,1.5,1.5000000000000002,-2.0,92.61799387799148,6.283185307179586,90.0,0.0,0.0,2.0,2.0,Infinity
0.0,0.0,2.0,2.0,2.0,-1.9999999999999998,92.61799387799148,6.283185307179586,90.0,0.0,0.0,2.0,2.0,Infinity
0.0,0.0,2.0,2.5,2.5,-1.9999999999999998,92.61799387799148,6.283185307179586,90.0,0.0,0.0,2.0,2.0,Infinity
0.0,0.0,2.0,3.0,3.0,-1.9999999999999998,92.61799387799148,6.283185307179586,90.0,0.0,0.0,2.0,2.0,Infinity
0.0,0.0,2.0,3.5,3.5,-1.9999999999999998,92.61799387799148,6.283185307179586,90.0,0.0,0.0,2.0,2.0,Infinity
0.0,0.0,2.0,4.0,4.0,-1.9999999999999998,92.61799387799148,6.283185307179586,90.0,0.0,0.0,2.0,2.0,Infinity
0.0,0.0,2.0,4.5,4.5,-1.9999999999999998,92.61799387799148,6.283185307179586,90.0,0.0,0.0,2.0,2.0,Infinity
0.0,0.0,2.0,5.0,5.0,-1.9999999999999998,92.61799387799148,6.283185307179586,90.0,0.0,0.0,2.0,2.0,Infinity
0.0,0.0,2.5,0.0,1.5308084989341916E-16,-2.5,92.61799387799148,6.283185307179586,90.0,0.0,0.0,2.0,2.0,Infinity
0.0,0.0,2.5,0.5,0.5000000000000001,-2.5,92.61799387799148,6.283185307179586,90.0,0.0,0.0,2.0,2.0,Infinity
0.0,0.0,2.5,1.0,1.0000000000000002,-2.5,92.61799387799148,6.283185307179586,90.0,0.0,0.0,2.0,2.0,Infinity
0.0,0.0,2.5,1.5,1.5000000000000002,-2.5,92.61799387799148,6.283185307179586,90.0,0.0,0.0,2.0,2.0,Infinity
0.0,0.0,2.5,2.0,2.0,-2.5,92.61799387799148,6.283185307179586,90.0,0.0,0.0,2.0,2.0,Infinity
0.0,0.0,2.5,2.5,2.5,-2.5,92.61799387799148,6.283185307179586,90.0,0.0,0.0,2.0,2.0,Infinity
0.0,0.0,2.5,3.0,3.0,-2.5,92.61799387799148,6.283185307179586,90.0,0.0,0.0,2.0,2.0,Infinity
0.0,0.0,2.5,3.5,3.5,-2.5,92.61799387799148,6.283185307179586,90.0,0.0,0.0,2.0,2.0,Infinity
0.0,0.0,2.5,4.0,4.0,-2.4999999999999996,92.61799387799148,6.283185307179586,90.0,0.0,0.0,2.0,2.0,Infinity
0.0,0.0,2.5,4.5,4.5,-2.4999999999999996,92.61799387799148,6.283185307179586,90.0,0.0,0.0,2.0,2.0,Infinity
0.0,0.0,2.5,5.0,5.0,-2.4999999999999996,92.61799387799148,6.283185307179586,90.0,0.0,0.0,2.0,2.0,Infinity
0.0,0.0,3.0,0.0,1.8369701987210297E-16,-3.0,92.61799387799148,6.283185307179586,90.0,0.0,0.0,2.0,2.0,Infinity
0.0,0.0,3.0,0.5,0.5000000000000002,-3.0,92.61799387799148,6.283185307179586,90.0,0.0,0.0,2.0,2.0,Infinity
0.0,0.0,3.0,1.0,1.0000000000000002,-3.0,92.61799387799148,6.283185307179586,90.0,0.0,0.0,2.0,2.0,Infinity
0.0,0.0,3.0,1.5,1.5000000000000002,-3.0,92.61799387799148,6.283185307179586,90.0,0.0,0.0,2.0,2.0,Infinity
0.0,0.0,3.0,2.0,2.0,-3.0,92.61799387799148,6.283185307179586,90.0,0.0,0.0,2.0,2.0,Infinity
0.0,0.0,3.0,2.5,2.5,-3.0,92.61799387799148,6.283185307179586,90.0,0.0,0.0,2.0,2.0,Infinity
0.0,0.0,3.0,3.0,3.0,-3.0,92.61799387799148,6.283185307179586,90.0,0.0,0.0,2.0,2.0,Infinity
0.0,0.0,3.0,3.5,3.5,-3.0,92.61799387799148,6.283185307179586,90.0,0.0,0.0,2.0,2.0,Infinity
0.0,0.0,3.0,4.0,4.0,-2.9999999999999996,92.61799387799148,6.283185307179586,90.0,0.0,0.0,2.0,2.0,Infinity
0.0,0.0,3.0,4.5,4.5,-2.9999999999999996,92.61799387799148,6.283185307179586,90.0,0.0,0.0,2.0,2.0,Infinity
0.0,0.0,3.0,5.0,5.0,-2.9999999999999996,92.61799387799148,6.283185307179586,90.0,0.0,0.0,2.0,2.0,Infinity
0.0,0.0,3.5,0.0,2.143131898507868E-16,-3.5,92.61799387799148,6.283185307179586,90.0,0.0,0.0,2.0,2.0,Infinity
0.0,0.0,3.5,0.5,0.5000000000000002,-3.5,92.61799387799148,6.283185307179586,90.0,0.0,0.0,2.0,2.0,Infinity
0.0,0.0,3.5,1.0,1.0000000000000002,-3.5,92.61799387799148,6.283185307179586,90.0,0.0,0.0,2.0,2.0,Infinity
0.0,0.0,3.5,1.5,1.5000000000000002,-3.5,92.61799387799148,6.283185307179586,90.0,0.0,0.0,2.0,2.0,Infinity
0.0,0.0,3.5,2.0,2.0,-3.5,92.61799387799148,6.283185307179586,90.0,0.0,0.0,2.0,2.0,Infinity
0.0,0.0,3.5,2.5,2.5,-3.5,92.61799387799148,6.283185307179586,90.0,0.0,0.0,2.0,2.0,Infinity
0.0,0.0,3.5,3.0,3.0,-3.5,92.61799387799148,6.283185307179586,90.0,0.0,0.0,2.0,2.0,Infinity
0.0,0.0,3.5,3.5,3.5,-3.5,92.61799387799148,6.283185307179586,90.0,0.0,0.0,2.0,2.0,Infinity
0.0,0.0,3.5,4.0,4.0,-3.4999999999999996,92.61799387799148,6.283185307179586,90.0,0.0,0.0,2.0,2.0,Infinity
0.0,0.0,3.5,4.5,4.5,-3.4999999999999996,92.61799387799148,6.283185307179586,90.0,0.0,0.0,2.0,2.0,Infinity
0.0,0.0,3.5,5.0,5.0,-3.4999999999999996,92.61799387799148,6.283185307179586,90.0,0.0,0.0,2.0,2.0,Infinity
0.0,0.0,4.0,0.0,2.4492935982947064E-16,-4.0,92.61799387799148,6.283185307179586,90.0,0.0,0.0,2.0,2.0,Infinity
0.0,0.0,4.0,0.5,0.5000000000000002,-4.0,92.61799387799148,6.283185307179586,90.0,0.0,0.0,2.0,2.0,Infinity
0.0,0.0,4.0,1.0,1.0000000000000002,-4.0,92.61799387799148,6.283185307179586,90.0,0.0,0.0,2.0,2.0,Infinity
0.0,0.0,4.0,1.5,1.5000000000000002,-4.0,92.61799387799148,6.283185307179586,90.0,0.0,0.0,2.0,2.0,Infinity
0.0,0.0,4.0,2.0,2.0000000000000004,-4.0,92.61799387799148,6.283185307179586,90.0,0.0,0.0,2.0,2.0,Infinity
0.0,0.0,4.0,2.5,2.5000000000000004,-4.0,92.61799387799148,6.283185307179586,90.0,0.0,0.0,2.0,2.0,Infinity
0.0,0.0,4.0,3.0,3.0000000000000004,-4.0,92.61799387799148,6.283185307179586,90.0,0.0,0.0,2.0,2.0,Infinity
0.0,0.0,4.0,3.5,3.5000000000000004,-4.0,92.61799387799148,6.283185307179586,90.0,0.0,0.0,2.0,2.0,Infinity
0.0,0.0,4.0,4.0,4.0,-3.9999999999999996,92.61799387799148,6.283185307179586,90.0,0.0,0.0,2.0,2.0,Infinity
0.0,0.0,4.0,4.5,4.5,-3.9999999999999996,92.61799387799148,6.283185307179586,90.0,0.0,0.0,2.0,2.0,Infinity
0.0,0.0,4.0,5.0,5.0,-3.9999999999999996,92.61799387799148,6.283185307179586,90.0,0.0,0.0,2.0,2.0,Infinity
0.0,0.0,4.5,0.0,2.755455298081545E-16,-4.5,92.61799387799148,6.283185307179586,90.0,0.0,0.0,2.0,2.0,Infinity
0.0,0.0,4.5,0.5,0.5000000000000002,-4.5,92.61799387799148,6.283185307179586,90.0,0.0,0.0,2.0,2.0,Infinity
0.0,0.0,4.5,1.0,1.0000000000000002,-4.5,92.61799387799148,6.283185307179586,90.0,0.0,0.0,2.0,2.0,Infinity
0.0,0.0,4.5,1.5,1.5000000000000002,-4.5,92.61799387799148,6.283185307179586,90.0,0.0,0.0,2.0,2.0,Infinity
0.0,0.0,4.5,2.0,2.0000000000000004,-4.5,92.61799387799148,6.283185307179586,90.0,0.0,0.0,2.0,2.0,Infinity
0.0,0.0,4.5,2.5,2.5000000000000004,-4.5,92.61799387799148,6.283185307179586,90.0,0.0,0.0,2.0,2.0,Infinity
0.0,0.0,4.5,3.0,3.0000000000000004,-4.5,92.61799387799148,6.283185307179586,90.0,0.0,0.0,2.0,2.0,Infinity
0.0,0.0,4.5,3.5,3.5000000000000004,-4.5,92.61799387799148,6.283185307179586,90.0,0.0,0.0,2.0,2.0,Infinity
0.0,0.0,4.5,4.0,4.0,-4.5,92.61799387799148,6.283185307179586,90.0,0.0,0.0,2.0,2.0,Infinity
0.0,0.0,4.5,4.5,4.5,-4.5,92.61799387799148,6.283185307179586,90.0,0.0,0.0,2.0,2.0,Infinity
0.0,0.0,4.5,5.0,5.0,-4.5,92.61799387799148,6.283185307179586,90.0,0.0,0.0,2.0,2.0,Infinity
0.0,0.0,5.0,0.0,3.061616997868383E-16,-5.0,92.61799387799148,6.283185307179586,90.0,0.0,0.0,2.0,2.0,Infinity
0.0,0.0,5.0,0.5,0.5000000000000003,-5.0,92.61799387799148,6.283185307179586,90.0,0.0,0.0,2.0,2.0,Infinity
0.0,0.0,5.0,1.0,1.0000000000000002,-5.0,92.61799387799148,6.283185307179586,90.0,0.0,0.0,2.0,2.0,Infinity
0.0,0.0,5.0,1.5,1.5000000000000002,-5.0,92.61799387799148,6.283185307179586,90.0,0.0,0.0,2.0,2.0,Infinity
0.0,0.0,5.0,2.0,2.0000000000000004,-5.0,92.61799387799148,6.283185307179586,90.0,0.0,0.0,2.0,2.0,Infinity
0.0,0.0,5.0,2.5,2.5000000000000004,-5.0,92.61799387799148,6.283185307179586,90.0,0.0,0.0,2.0,2.0,Infinity
0.0,0.0,5.0,3.0,3.0000000000000004,-5.0,92.61799387799148,6.283185307179586,90.0,0.0,0.0,2.0,2.0,Infinity
0.0,0.0,5.0,3.5,3.5000000000000004,-5.0,92.61799387799148,6.283185307179586,90.0,0.0,0.0,2.0,2.0,Infinity
0.0,0.0,5.0,4.0,4.0,-5.0,92.61799387799148,6.283185307179586,90.0,0.0,0.0,2.0,2.0,Infinity
0.0,0.0,5.0,4.5,4.5,-5.0,92.61799387799148,6.283185307179586,90.0,0.0,0.0,2.0,2.0,Infinity
0.0,0.0,5.0,5.0,5.0,-5.0,92.61799387799148,6.283185307179586,90.0,0.0,0.0,2.0,2.0,Infinity
0.0,0.0,0.0,0.0,0.0,0.0,93.14159265358978,6.283185307179586,90.0,0.0,0.0,2.0,2.0,0.0
0.0,0.0,0.0,0.5,0.5,3.061616997868383E-17,93.14159265358978,6.283185307179586,90.0,0.0,0.0,2.0,2.0,0.0
0.0,0.0,0.0,1.0,1.0,6.123233995736766E-17,93.14159265358978,6.283185307179586,90.0,0.0,0.0,2.0,2.0,0.0
0.0,0.0,0.0,1.5,1.5,9.184850993605148E-17,93.14159265358978,6.283185307179586,90.0,0.0,0.0,2.0,2.0,0.0
0.0,0.0,0.0,2.0,2.0,1.2246467991473532E-16,93.14159265358978,6.283185307179586,90.0,0.0,0.0,2.0,2.0,0.0
0.0,0.0,0.0,2.5,2.5,1.5308084989341916E-16,93.14159265358978,6.283185307179586,90.0,0.0,0.0,2.0,2.0,0.0
0.0,0.0,0.0,3.0,3.0,1.8369701987210297E-16,93.14159265358978,6.283185307179586,90.0,0.0,0.0,2.0,2.0,0.25
0.0,0.0,0.0,3.5,3.5,2.143131898507868E-16,93.14159265358978,6.283185307179586,90.0,0.0,0.0,2.0,2.0,0.5
0.0,0.0,0.0,4.0,4.0,2.4492935982947064E-16,93.14159265358978,6.283185307179586,90.0,0.0,0.0,2.0,2.0,0.75
0.0,0.0,0.0,4.5,4.5,2.755455298081545E-16,93.14159265358978,6.283185307179586,90.0,0.0,0.0,2.0,2.0,1.0
0.0,0.0,0.0,5.0,5.0,3.061616997868383E-16,93.14159265358978,6.283185307179586,90.0,0.0,0.0,2.0,2.0,1.25
0.0,0.0,0.5,0.0,3.061616997868383E-17,-0.5,93.14159265358978,6.283185307179586,90.0,0.0,0.0,2.0,2.0,0.0
0.0,0.0,0.5,0.5,0.5,-0.49999999999999994,93.14159265358978,6.283185307179586,90.0,0.0,0.0,2.0,2.0,0.0
0.0,0.0,0.5,1.0,1.0,-0.49999999999999994,93.14159265358978,6.283185307179586,90.0,0.0,0.0,2.0,2.0,0.0
0.0,0.0,0.5,1.5,1.5,-0.4999999999999999,93.14159265358978,6.283185307179586,90.0,0.0,0.0,2.0,2.0,0.0
0.0,0.0,0.5,2.0,2.0,-0.4999999999999999,93.14159265358978,6.283185307179586,90.0,0.0,0.0,2.0,2.0,0.0
0.0,0.0,0.5,2.5,2.5,-0.49999999999999983,93.14159265358978,6.283185307179586,90.0,0.0,0.0,2.0,2.0,0.0
0.0,0.0,0.5,3.0,3.0,-0.49999999999999983,93.14159265358978,6.283185307179586,90.0,0.0,0.0,2.0,2.0,0.25
0.0,0.0,0.5,3.5,3.5,-0.4999999999999998,93.14159265358978,6.283185307179586,90.0,0.0,0.0,2.0,2.0,0.5
0.0,0.0,0.5,4.0,4.0,-0.4999999999999998,93.14159265358978,6.283185307179586,90.0,0.0,0.0,2.0,2.0,0.75
0.0,0.0,0.5,4.5,4.5,-0.4999999999999997,93.14159265358978,6.283185307179586,90.0,0.0,0.0,2.0,2.0,1.0
0.0,0.0,0.5,5.0,5.0,-0.49999999999999967,93.14159265358978,6.283185307179586,90.0,0.0,0.0,2.0,2.0,1.25
0.0,0.0,1.0,0.0,6.123233995736766E-17,-1.0,93.14159265358978,6.283185307179586,90.0,0.0,0.0,2.0,2.0,0.0
0.0,0.0,1.0,0.5,0.5000000000000001,-1.0,93.14159265358978,6.283185307179586,90.0,0.0,0.0,2.0,2.0,0.0
0.0,0.0,1.0,1.0,1.0,-0.9999999999999999,93.14159265358978,6.283185307179586,90.0,0.0,0.0,2.0,2.0,0.0
0.0,0.0,1.0,1.5,1.5,-0.9999999999999999,93.14159265358978,6.283185307179586,90.0,0.0,0.0,2.0,2.0,0.0
0.0,0.0,1.0,2.0,2.0,-0.9999999999999999,93.14159265358978,6.283185307179586,90.0,0.0,0.0,2.0,2.0,0.0
0.0,0.0,1.0,2.5,2.5,-0.9999999999999999,93.14159265358978,6.283185307179586,90.0,0.0,0.0,2.0,2.0,0.0
0.0,0.0,1.0,3.0,3.0,-0.9999999999999998,93.14159265358978,6.283185307179586,90.0,0.0,0.0,2.0,2.0,0.25
0.0,0.0,1.0,3.5,3.5,-0.9999999999999998,93.14159265358978,6.283185307179586,90.0,0.0,0.0,2.0,2.0,0.5
0.0,0.0,1.0,4.0,4.0,-0.9999999999999998,93.14159265358978,6.283185307179586,90.0,0.0,0.0,2.0,2.0,0.75
0.0,0.0,1.0,4.5,4.5,-0.9999999999999998,93.14159265358978,6.283185307179586,90.0,0.0,0.0,2.0,2.0,1.0
0.0,0.0,1.0,5.0,5.0,-0.9999999999999997,93.14159265358978,6.283185307179586,90.0,0.0,0.0,2.0,2.0,1.25
0.0,0.0,1.5,0.0,9.184850993605148E-17,-1.5,93.14159265358978,6.283185307179586,90.0,0.0,0.0,2.0,2.0,1.0
0.0,0.0,1.5,0.5,0.5000000000000001,-1.5,93.14159265358978,6.283185307179586,90.0,0.0,0.0,2.0,2.0,1.2499999789265757
0.0,0.0,1.5,1.0,1.0,-1.5,93.14159265358978,6.283185307179586,90.0,0.0,0.0,2.0,2.0,1.4999999999999998
0.0,0.0,1.5,1.5,1.5,-1.5,93.14159265358978,6.283185307179586,90.0,0.0,0.0,2.0,2.0,Infinity
0.0,0.0,1.5,2.0,2.0,-1.4999999999999998,93.14159265358978,6.283185307179586,90.0,0.0,0.0,2.0,2.0,0.0
0.0,0.0,1.5,2.5,2.5,-1.4999999999999998,93.14159265358978,6.283185307179586,90.0,0.0,0.0,2.0,2.0,0.25
0.0,0.0,1.5,3.0,3.0,-1.4999999999999998,93.14159265358978,6.283185307179586,90.0,0.0,0.0,2.0,2.0,0.4999999925494194
0.0,0.0,1.5,3.5,3.5,-1.4999999999999998,93.14159265358978,6.283185307179586,90.0,0.0,0.0,2.0,2.0,0.75
0.0,0.0,1.5,4.0,4.0,-1.4999999999999998,93.14159265358978,6.283185307179586,90.0,0.0,0.0,2.0,2.0,1.0
0.0,0.0,1.5,4.5,4.5,-1.4999999999999998,93.14159265358978,6.283185307179586,90.0,0.0,0.0,2.0,2.0,1.2499999789265757
0.0,0.0,1.5,5.0,5.0,-1.4999999999999998,93.14159265358978,6.283185307179586,90.0,0.0,0.0,2.0,2.0,1.5
0.0,0.0,2.0,0.0,1.2246467991473532E-16,-2.0,93.14159265358978,6.283185307179586,90.0,0.0,0.0,2.0,2.0,Infinity
0.0,0.0,2.0,0.5,0.5000000000000001,-2.0,93.14159265358978,6.283185307179586,90.0,0.0,0.0,2.0,2.0,Infinity
0.0,0.0,2.0,1.0,1.0000000000000002,-2.0,93.14159265358978,6.283185307179586,90.0,0.0,0.0,2.0,2.0,Infinity
0.0,0.0,2.0,1.5,1.5000000000000002,-2.0,93.14159265358978,6.283185307179586,90.0,0.0,0.0,2.0,2.0,Infinity
0.0,0.0,2.0,2.0,2.0,-1.9999999999999998,93.14159265358978,6.283185307179586,90.0,0.0,0.0,2.0,2.0,Infinity
0.0,0.0,2.0,2.5,2.5,-1.9999999999999998,93.14159265358978,6.283185307179586,90.0,0.0,0.0,2.0,2.0,Infinity
0.0,0.0,2.0,3.0,3.0,-1.9999999999999998,93.14159265358978,6.283185307179586,90.0,0.0,0.0,2.0,2.0,Infinity
0.0,0.0,2.0,3.5,3.5,-1.9999999999999998,93.14159265358978,6.283185307179586,90.0,0.0,0.0,2.0,2.0,Infinity
0.0,0.0,2.0,4.0,4.0,-1.9999999999999998,93.14159265358978,6.283185307179586,90.0,0.0,0.0,2.0,2.0,Infinity
0.0,0.0,2.0,4.5,4.5,-1.9999999999999998,93.14159265358978,6.283185307179586,90.0,0.0,0.0,2.0,2.0,Infinity
0.0,0.0,2.0,5.0,5.0,-1.9999999999999998,93.14159265358978,6.283185307179586,90.0,0.0,0.0,2.0,2.0,Infinity
0.0,0.0,2.5,0.0,1.5308084989341916E-16,-2.5,93.14159265358978,6.283185307179586,90.0,0.0,0.0,2.0,2.0,Infinity
0.0,0.0,2.5,0.5,0.5000000000000001,-2.5,93.14159265358978,6.283185307179586,90.0,0.0,0.0,2.0,2.0,Infinity
0.0,0.0,2.5,1.0,1.0000000000000002,-2.5,93.14159265358978,6.283185307179586,90.0,0.0,0.0,2.0,2.0,Infinity
0.0,0.0,2.5,1.5,1.5000000000000002,-2.5,93.14159265358978,6.283185307179586,90.0,0.0,0.0,2.0,2.0,Infinity
0.0,0.0,2.5,2.0,2.0,-2.5,93.14159265358978,6.283185307179586,90.0,0.0,0.0,2.0,2.0,Infinity
0.0,0.0,2.5,2.5,2.5,-2.5,93.14159265358978,6.283185307179586,90.0,0.0,0.0,2.0,2.0,Infinity
0.0,0.0,2.5,3.0,3.0,-2.5,93.14159265358978,6.283185307179586,90.0,0.0,0.0,2.0,2.0,Infinity
0.0,0.0,2.5,3.5,3.5,-2.5,93.14159265358978,6.283185307179586,90.0,0.0,0.0,2.0,2.0,Infinity
0.0,0.0,2.5,4.0,4.0,-2.4999999999999996,93.14159265358978,6.283185307179586,90.0,0.0,0.0,2.0,2.0,Infinity
0.0,0.0,2.5,4.5,4.5,-2.4999999999999996,93.14159265358978,6.283185307179586,90.0,0.0,0.0,2.0,2.0,Infinity
0.0,0.0,2.5,5.0,5.0,-2.4999999999999996,93.14159265358978,6.283185307179586,90.0,0.0,0.0,2.0,2.0,Infinity
0.0,0.0,3.0,0.0,1.8369701987210297E-16,-3.0,93.14159265358978,6.283185307179586,90.0,0.0,0.0,2.0,2.0,Infinity
0.0,0.0,3.0,0.5,0.5000000000000002,-3.0,93.14159265358978,6.283185307179586,90.0,0.0,0.0,2.0,2.0,Infinity
0.0,0.0,3.0,1.0,1.0000000000000002,-3.0,93.14159265358978,6.283185307179586,90.0,0.0,0.0,2.0,2.0,Infinity
0.0,0.0,3.0,1.5,1.5000000000000002,-3.0,93.14159265358978,6.283185307179586,90.0,0.0,0.0,2.0,2.0,Infinity
0.0,0.0,3.0,2.0,2.0,-3.0,93.14159265358978,6.283185307179586,90.0,0.0,0.0,2.0,2.0,Infinity
0.0,0.0,3.0,2.5,2.5,-3.0,93.14159265358978,6.283185307179586,90.0,0.0,0.0,2.0,2.0,Infinity
0.0,0.0,3.0,3.0,3.0,-3.0,93.14159265358978,6.283185307179586,90.0,0.0,0.0,2.0,2.0,Infinity
0.0,0.0,3.0,3.5,3.5,-3.0,93.14159265358978,6.283185307179586,90.0,0.0,0.0,2.0,2.0,Infinity
0.0,0.0,3.0,4.0,4.0,-2.9999999999999996,93.14159265358978,6.283185307179586,90.0,0.0,0.0,2.0,2.0,Infinity
0.0,0.0,3.0,4.5,4.5,-2.9999999999999996,93.14159265358978,6.283185307179586,90.0,0.0,0.0,2.0,2.0,Infinity
0.0,0.0,3.0,5.0,5.0,-2.9999999999999996,93.14159265358978,6.283185307179586,90.0,0.0,0.0,2.0,2.0,Infinity
0.0,0.0,3.5,0.0,2.143131898507868E-16,-3.5,93.14159265358978,6.283185307179586,90.0,0.0,0.0,2.0,2.0,Infinity
0.0,0.0,3.5,0.5,0.5000000000000002,-3.5,93.14159265358978,6.283185307179586,90.0,0.0,0.0,2.0,2.0,Infinity
0.0,0.0,3.5,1.0,1.0000000000000002,-3.5,93.14159265358978,6.283185307179586,90.0,0.0,0.0,2.0,2.0,Infinity
0.0,0.0,3.5,1.5,1.5000000000000002,-3.5,93.14159265358978,6.283185307179586,90.0,0.0,0.0,2.0,2.0,Infinity
0.0,0.0,3.5,2.0,2.0,-3.5,93.14159265358978,6.283185307179586,90.0,0.0,0.0,2.0,2.0,Infinity
0.0,0.0,3.5,2.5,2.5,-3.5,93.14159265358978,6.283185307179586,90.0,0.0,0.0,2.0,2.0,Infinity
0.0,0.0,3.5,3.0,3.0,-3.5,93.14159265358978,6.283185307179586,90.0,0.0,0.0,2.0,2.0,Infinity
0.0,0.0,3.5,3.5,3.5,-3.5,93.14159265358978,6.283185307179586,90.0,0.0,0.0,2.0,2.0,Infinity
0.0,0.0,3.5,4.0,4.0,-3.4999999999999996,93.14159265358978,6.283185307179586,90.0,0.0,0.0,2.0,2.0,Infinity
0.0,0.0,3.5,4.5,4.5,-3.4999999999999996,93.14159265358978,6.283185307179586,90.0,0.0,0.0,2.0,2.0,Infinity
0.0,0.0,3.5,5.0,5.0,-3.4999999999999996,93.14159265358978,6.283185307179586,90.0,0.0,0.0,2.0,2.0,Infinity
0.0,0.0,4.0,0.0,2.4492935982947064E-16,-4.0,93.14159265358978,6.283185307179586,90.0,0.0,0.0,2.0,2.0,Infinity
0.0,0.0,4.0,0.5,0.5000000000000002,-4.0,93.14159265358978,6.283185307179586,90.0,0.0,0.0,2.0,2.0,Infinity
0.0,0.0,4.0,1.0,1.0000000000000002,-4.0,93.14159265358978,6.283185307179586,90.0,0.0,0.0,2.0,2.0,Infinity
0.0,0.0,4.0,1.5,1.5000000000000002,-4.0,93.14159265358978,6.283185307179586,90.0,0.0,0.0,2.0,2.0,Infinity
0.0,0.0,4.0,2.0,2.0000000000000004,-4.0,93.14159265358978,6.283185307179586,90.0,0.0,0.0,2.0,2.0,Infinity
0.0,0.0,4.0,2.5,2.5000000000000004,-4.0,93.14159265358978,6.283185307179586,90.0,0.0,0.0,2.0,2.0,Infinity
0.0,0.0,4.0,3.0,3.0000000000000004,-4.0,93.14159265358978,6.283185307179586,90.0,0.0,0.0,2.0,2.0,Infinity
0.0,0.0,4.0,3.5,3.5000000000000004,-4.0,93.14159265358978,6.283185307179586,90.0,0.0,0.0,2.0,2.0,Infinity
0.0,0.0,4.0,4.0,4.0,-3.9999999999999996,93.14159265358978,6.283185307179586,90.0,0.0,0.0,2.0,2.0,Infinity
0.0,0.0,4.0,4.5,4.5,-3.9999999999999996,93.14159265358978,6.283185307179586,90.0,0.0,0.0,2.0,2.0,Infinity
0.0,0.0,4.0,5.0,5.0,-3.9999999999999996,93.14159265358978,6.283185307179586,90.0,0.0,0.0,2.0,2.0,Infinity
0.0,0.0,4.5,0.0,2.755455298081545E-16,-4.5,93.14159265358978,6.283185307179586,90.0,0.0,0.0,2.0,2.0,Infinity
0.0,0.0,4.5,0.5,0.5000000000000002,-4.5,93.14159265358978,6.283185307179586,90.0,0.0,0.0,2.0,2.0,Infinity
0.0,0.0,4.5,1.0,1.0000000000000002,-4.5,93.14159265358978,6.283185307179586,90.0,0.0,0.0,2.0,2.0,Infinity
0.0,0.0,4.5,1.5,1.5000000000000002,-4.5,93.14159265358978,6.283185307179586,90.0,0.0,0.0,2.0,2.0,Infinity
0.0,0.0,4.5,2.0,2.0000000000000004,-4.5,93.14159265358978,6.283185307179586,90.0,0.0,0.0,2.0,2.0,Infinity
0.0,0.0,4.5,2.5,2.5000000000000004,-4.5,93.14159265358978,6.283185307179586,90.0,0.0,0.0,2.0,2.0,Infinity
0.0,0.0,4.5,3.0,3.0000000000000004,-4.5,93.14159265358978,6.283185307179586,90.0,0.0,0.0,2.0,2.0,Infinity
0.0,0.0,4.5,3.5,3.5000000000000004,-4.5,93.14159265358978,6.283185307179586,90.0,0.0,0.0,2.0,2.0,Infinity
0.0,0.0,4.5,4.0,4.0,-4.5,93.14159265358978,6.283185307179586,90.0,0.0,0.0,2.0,2.0,Infinity
0.0,0.0,4.5,4.5,4.5,-4.5,93.14159265358978,6.283185307179586,90.0,0.0,0.0,2.0,2.0,Infinity
0.0,0.0,4.5,5.0,5.0,-4.5,93.14159265358978,6.283185307179586,90.0,0.0,0.0,2.0,2.0,Infinity
0.0,0.0,5.0,0.0,3.061616997868383E-16,-5.0,93.14159265358978,6.283185307179586,90.0,0.0,0.0,2.0,2.0,Infinity
0.0,0.0,5.0,0.5,0.5000000000000003,-5.0,93.14159265358978,6.283185307179586,90.0,0.0,0.0,2.0,2.0,Infinity
0.0,0.0,5.0,1.0,1.0000000000000002,-5.0,93.14159265358978,6.283185307179586,90.0,0.0,0.0,2.0,2.0,Infinity
0.0,0.0,5.0,1.5,1.5000000000000002,-5.0,93.14159265358978,6.283185307179586,90.0,0.0,0.0,2.0,2.0,Infinity
0.0,0.0,5.0,2.0,2.0000000000000004,-5.0,93.14159265358978,6.283185307179586,90.0,0.0,0.0,2.0,2.0,Infinity
0.0,0.0,5.0,2.5,2.5000000000000004,-5.0,93.14159265358978,6.283185307179586,90.0,0.0,0.0,2.0,2.0,Infinity
0.0,0.0,5.0,3.0,3.0000000000000004,-5.0,93.14159265358978,6.283185307179586,90.0,0.0,0.0,2.0,2.0,Infinity
0.0,0.0,5.0,3.5,3.5000000000000004,-5.0,93.14159265358978,6.283185307179586,90.0,0.0,0.0,2.0,2.0,Infinity
0.0,0.0,5.0,4.0,4.0,-5.0,93.14159265358978,6.283185307179586,90.0,0.0,0.0,2.0,2.0,Infinity
0.0,0.0,5.0,4.5,4.5,-5.0,93.14159265358978,6.283185307179586,90.0,0.0,0.0,2.0,2.0,Infinity
0.0,0.0,5.0,5.0,5.0,-5.0,93.14159265358978,6.283185307179586,90.0,0.0,0.0,2.0,2.0,Infinity
0.0,0.0,0.0,0.0,0.0,0.0,90.0,6.283185307179586,90.0,0.5,0.5,2.0,2.0,0.0
0.0,0.0,0.0,0.5,0.5,3.061616997868383E-17,90.0,6.283185307179586,90.0,0.5,0.5,2.0,2.0,0.0
0.0,0.0,0.0,1.0,1.0,6.123233995736766E-17,90.0,6.283185307179586,90.0,0.5,0.5,2.0,2.0,0.0
0.0,0.0,0.0,1.5,1.5,9.184850993605148E-17,90.0,6.283185307179586,90.0,0.5,0.5,2.0,2.0,0.0
0.0,0.0,0.0,2.0,2.0,1.2246467991473532E-16,90.0,6.283185307179586,90.0,0.5,0.5,2.0,2.0,0.0
0.0,0.0,0.0,2.5,2.5,1.5308084989341916E-16,90.0,6.283185307179586,90.0,0.5,0.5,2.0,2.0,0.0
0.0,0.0,0.0,3.0,3.0,1.8369701987210297E-16,90.0,6.283185307179586,90.0,0.5,0.5,2.0,2.0,0.3333333333333333
0.0,0.0,0.0,3.5,3.5,2.143131898507868E-16,90.0,6.283185307179586,90.0,0.5,0.5,2.0,2.0,0.6666666666666666
0.0,0.0,0.0,4.0,4.0,2.4492935982947064E-16,90.0,6.283185307179586,90.0,0.5,0.5,2.0,2.0,1.0
0.0,0.0,0.0,4.5,4.5,2.755455298081545E-16,90.0,6.283185307179586,90.0,0.5,0.5,2.0,2.0,1.3333333333333333
0.0,0.0,0.0,5.0,5.0,3.061616997868383E-16,90.0,6.283185307179586,90.0,0.5,0.5,2.0,2.0,1.6666666666666667
0.0,0.0,0.5,0.0,3.061616997868383E-17,-0.5,90.0,6.283185307179586,90.0,0.5,0.5,2.0,2.0,0.0
0.0,0.0,0.5,0.5,0.5,-0.49999999999999994,90.0,6.283185307179586,90.0,0.5,0.5,2.0,2.0,0.0
0.0,0.0,0.5,1.0,1.0,-0.49999999999999994,90.0,6.283185307179586,90.0,0.5,0.5,2.0,2.0,0.0
0.0,0.0,0.5,1.5,1.5,-0.4999999999999999,90.0,6.283185307179586,90.0,0.5,0.5,2.0,2.0,0.0
0.0,0.0,0.5,2.0,2.0,-0.4999999999999999,90.0,6.283185307179586,90.0,0.5,0.5,2.0,2.0,0.0
0.0,0.0,0.5,2.5,2.5,-0.49999999999999983,90.0,6.283185307179586,90.0,0.5,0.5,2.0,2.0,0.0
0.0,0.0,0.5,3.0,3.0,-0.49999999999999983,90.0,6.283185307179586,90.0,0.5,0.5,2.0,2.0,0.3333333333333333
0.0,0.0,0.5,3.5,3.5,-0.4999999999999998,90.0,6.283185307179586,90.0,0.5,0.5,2.0,2.0,0.6666666666666666
0.0,0.0,0.5,4.0,4.0,-0.4999999999999998,90.0,6.283185307179586,90.0,0.5,0.5,2.0,2.0,1.0
0.0,0.0,0.5,4.5,4.5,-0.4999999999999997,90.0,6.283185307179586,90.0,0.5,0.5,2.0,2.0,1.3333333333333333
0.0,0.0,0.5,5.0,5.0,-0.49999999999999967,90.0,6.283185307179586,90.0,0.5,0.5,2.0,2.0,1.6666666666666667
